window,building,timestamp,y_true,y_pred,is_anomaly,resid
0,Hog_parking_Antoinette,2016-12-10 00:00:00,18.0,17.261421231429793,0.0,0.738578768570207
0,Hog_parking_Antoinette,2016-12-10 01:00:00,18.0,16.833114837026255,0.0,1.1668851629737453
0,Hog_parking_Antoinette,2016-12-10 02:00:00,18.0,16.820666636908268,0.0,1.1793333630917324
0,Hog_parking_Antoinette,2016-12-10 03:00:00,18.0,17.935089600323185,0.0,0.06491039967681544
0,Hog_parking_Antoinette,2016-12-10 04:00:00,18.0,18.523663694675953,0.0,0.5236636946759532
0,Hog_parking_Antoinette,2016-12-10 05:00:00,18.0,21.011040944932713,0.0,3.011040944932713
0,Hog_parking_Antoinette,2016-12-10 06:00:00,18.0,22.270772250606367,0.0,4.270772250606367
0,Hog_parking_Antoinette,2016-12-10 07:00:00,32.0,23.272201811263802,0.0,8.727798188736198
0,Hog_parking_Antoinette,2016-12-10 08:00:00,34.0,24.444077150239153,0.0,9.555922849760847
0,Hog_parking_Antoinette,2016-12-10 09:00:00,33.0,24.165486841063505,0.0,8.834513158936495
0,Hog_parking_Antoinette,2016-12-10 10:00:00,34.0,22.630583147203005,0.0,11.369416852796995
0,Hog_parking_Antoinette,2016-12-10 11:00:00,33.57142857142857,21.405933804305523,0.0,12.165494767123047
0,Hog_parking_Antoinette,2016-12-10 12:00:00,33.142857142857146,22.147027927190862,0.0,10.995829215666284
0,Hog_parking_Antoinette,2016-12-10 13:00:00,32.714285714285715,21.407767799192573,0.0,11.306517915093142
0,Hog_parking_Antoinette,2016-12-10 14:00:00,32.285714285714285,20.891207548030703,0.0,11.394506737683582
0,Hog_parking_Antoinette,2016-12-10 15:00:00,31.857142857142858,20.177749907948787,0.0,11.679392949194071
0,Hog_parking_Antoinette,2016-12-10 16:00:00,31.42857142857143,19.53465302483168,0.0,11.89391840373975
0,Hog_parking_Antoinette,2016-12-10 17:00:00,31.0,16.246164237758553,0.0,14.753835762241447
0,Hog_parking_Antoinette,2016-12-10 18:00:00,22.0,16.8381846391048,0.0,5.161815360895201
0,Hog_parking_Antoinette,2016-12-10 19:00:00,22.0,15.459973554162431,0.0,6.540026445837569
0,Hog_parking_Antoinette,2016-12-10 20:00:00,22.0,16.293001966624402,0.0,5.706998033375598
0,Hog_parking_Antoinette,2016-12-10 21:00:00,22.0,16.86500375774122,0.0,5.134996242258779
0,Hog_parking_Antoinette,2016-12-10 22:00:00,21.0,17.976460665455967,0.0,3.023539334544033
0,Hog_parking_Antoinette,2016-12-10 23:00:00,20.25,17.603616334040858,0.0,2.646383665959142
0,Fox_office_Vicki,2016-12-10 00:00:00,107.96,102.49298477915548,0.0,5.467015220844516
0,Fox_office_Vicki,2016-12-10 01:00:00,107.97,97.73112130396697,0.0,10.238878696033026
0,Fox_office_Vicki,2016-12-10 02:00:00,103.25,98.16486888219764,0.0,5.085131117802362
0,Fox_office_Vicki,2016-12-10 03:00:00,94.35,96.44565542973245,0.0,2.09565542973246
0,Fox_office_Vicki,2016-12-10 04:00:00,95.18,95.82291333702597,0.0,0.6429133370259592
0,Fox_office_Vicki,2016-12-10 05:00:00,98.86,94.34000197048856,0.0,4.5199980295114415
0,Fox_office_Vicki,2016-12-10 06:00:00,101.84,94.74144292837894,0.0,7.098557071621059
0,Fox_office_Vicki,2016-12-10 07:00:00,101.57,96.33768788629762,0.0,5.232312113702378
0,Fox_office_Vicki,2016-12-10 08:00:00,100.26,102.74358788452207,0.0,2.4835878845220662
0,Fox_office_Vicki,2016-12-10 09:00:00,102.39,113.24746332964418,0.0,10.857463329644176
0,Fox_office_Vicki,2016-12-10 10:00:00,106.7,112.50234295494589,0.0,5.802342954945885
0,Fox_office_Vicki,2016-12-10 11:00:00,109.36,114.32067939091885,0.0,4.960679390918855
0,Fox_office_Vicki,2016-12-10 12:00:00,106.43,117.85140487911694,0.0,11.421404879116935
0,Fox_office_Vicki,2016-12-10 13:00:00,115.58,119.56563371140501,0.0,3.985633711405015
0,Fox_office_Vicki,2016-12-10 14:00:00,123.13,126.3582794388638,0.0,3.228279438863808
0,Fox_office_Vicki,2016-12-10 15:00:00,119.61,119.258213091846,0.0,0.35178690815399705
0,Fox_office_Vicki,2016-12-10 16:00:00,118.17,115.00540742248621,0.0,3.164592577513787
0,Fox_office_Vicki,2016-12-10 17:00:00,110.44,110.11350556148997,0.0,0.326494438510025
0,Fox_office_Vicki,2016-12-10 18:00:00,108.45,104.3378173745167,0.0,4.1121826254833
0,Fox_office_Vicki,2016-12-10 19:00:00,103.06,103.13756775152541,0.0,0.0775677515254074
0,Fox_office_Vicki,2016-12-10 20:00:00,105.52,102.73821541452256,0.0,2.781784585477439
0,Fox_office_Vicki,2016-12-10 21:00:00,101.74,101.16239904142812,0.0,0.5776009585718782
0,Fox_office_Vicki,2016-12-10 22:00:00,106.17,100.16763179643564,0.0,6.002368203564359
0,Fox_office_Vicki,2016-12-10 23:00:00,106.1,100.56752542622802,0.0,5.532474573771978
0,Fox_office_Joy,2016-12-10 00:00:00,130.17,136.0716459507382,0.0,5.901645950738214
0,Fox_office_Joy,2016-12-10 01:00:00,126.27,122.86176862161179,0.0,3.4082313783882086
0,Fox_office_Joy,2016-12-10 02:00:00,134.99,132.23583240104398,0.0,2.7541675989560304
0,Fox_office_Joy,2016-12-10 03:00:00,135.39,131.53957168502038,0.0,3.8504283149796095
0,Fox_office_Joy,2016-12-10 04:00:00,134.01,131.4393845461085,0.0,2.5706154538914916
0,Fox_office_Joy,2016-12-10 05:00:00,131.22,129.28795073212677,0.0,1.932049267873225
0,Fox_office_Joy,2016-12-10 06:00:00,131.67,128.65067476551323,0.0,3.0193252344867574
0,Fox_office_Joy,2016-12-10 07:00:00,127.71,133.07705371803908,0.0,5.367053718039088
0,Fox_office_Joy,2016-12-10 08:00:00,130.49,146.89692981297395,0.0,16.406929812973942
0,Fox_office_Joy,2016-12-10 09:00:00,147.14,153.10590691411045,0.0,5.965906914110462
0,Fox_office_Joy,2016-12-10 10:00:00,158.86,160.99608720733565,0.0,2.1360872073356347
0,Fox_office_Joy,2016-12-10 11:00:00,158.56,163.408207581715,0.0,4.848207581715002
0,Fox_office_Joy,2016-12-10 12:00:00,160.12,167.4388781676703,0.0,7.318878167670306
0,Fox_office_Joy,2016-12-10 13:00:00,154.06,163.62180042735744,0.0,9.56180042735744
0,Fox_office_Joy,2016-12-10 14:00:00,156.98,161.77024974949907,0.0,4.7902497494990826
0,Fox_office_Joy,2016-12-10 15:00:00,152.55,156.0571297976943,0.0,3.50712979769429
0,Fox_office_Joy,2016-12-10 16:00:00,149.35,156.58616661492132,0.0,7.236166614921331
0,Fox_office_Joy,2016-12-10 17:00:00,150.05,152.6785382067714,0.0,2.6285382067713954
0,Fox_office_Joy,2016-12-10 18:00:00,150.9,149.55133717530708,0.0,1.3486628246929229
0,Fox_office_Joy,2016-12-10 19:00:00,148.65,150.42677484112704,0.0,1.776774841127036
0,Fox_office_Joy,2016-12-10 20:00:00,146.79,146.93076887136743,0.0,0.14076887136744176
0,Fox_office_Joy,2016-12-10 21:00:00,146.32,143.47823064436756,0.0,2.8417693556324366
0,Fox_office_Joy,2016-12-10 22:00:00,143.24,143.22864161097138,0.0,0.01135838902862929
0,Fox_office_Joy,2016-12-10 23:00:00,142.69,138.04180377779502,0.0,4.648196222204973
0,Hog_services_Marshall,2016-12-10 00:00:00,61.635,70.08518834834769,0.0,8.450188348347687
0,Hog_services_Marshall,2016-12-10 01:00:00,58.459,68.78249307440126,0.0,10.323493074401256
0,Hog_services_Marshall,2016-12-10 02:00:00,58.062,68.3199968316923,0.0,10.257996831692296
0,Hog_services_Marshall,2016-12-10 03:00:00,57.386,59.294822753136366,0.0,1.9088227531363628
0,Hog_services_Marshall,2016-12-10 04:00:00,58.93899999999999,58.95873339062864,0.0,0.019733390628644543
0,Hog_services_Marshall,2016-12-10 05:00:00,57.543,59.4671708228999,0.0,1.924170822899903
0,Hog_services_Marshall,2016-12-10 06:00:00,58.05,59.34244651392477,0.0,1.292446513924773
0,Hog_services_Marshall,2016-12-10 07:00:00,57.453,64.83632593919079,0.0,7.383325939190783
0,Hog_services_Marshall,2016-12-10 08:00:00,58.279,71.39331255112822,0.0,13.114312551128215
0,Hog_services_Marshall,2016-12-10 09:00:00,57.403,70.596941494026,0.0,13.193941494026
0,Hog_services_Marshall,2016-12-10 10:00:00,57.375,68.3717706969787,0.0,10.9967706969787
0,Hog_services_Marshall,2016-12-10 11:00:00,58.31399999999999,68.45225052560178,0.0,10.13825052560179
0,Hog_services_Marshall,2016-12-10 12:00:00,56.665,68.04081551374225,0.0,11.375815513742246
0,Hog_services_Marshall,2016-12-10 13:00:00,58.276,63.50923397930287,0.0,5.233233979302867
0,Hog_services_Marshall,2016-12-10 14:00:00,56.911,64.30560503640507,0.0,7.394605036405068
0,Hog_services_Marshall,2016-12-10 15:00:00,55.997,64.37506381730427,0.0,8.378063817304266
0,Hog_services_Marshall,2016-12-10 16:00:00,58.198,60.98105673247318,0.0,2.7830567324731774
0,Hog_services_Marshall,2016-12-10 17:00:00,57.007,63.131152195196556,0.0,6.124152195196558
0,Hog_services_Marshall,2016-12-10 18:00:00,56.933,63.10240799718238,0.0,6.1694079971823825
0,Hog_services_Marshall,2016-12-10 19:00:00,57.574,63.65517161610275,0.0,6.0811716161027505
0,Hog_services_Marshall,2016-12-10 20:00:00,57.902,61.62910213860462,0.0,3.7271021386046215
0,Hog_services_Marshall,2016-12-10 21:00:00,57.232,61.52496183072622,0.0,4.29296183072622
0,Hog_services_Marshall,2016-12-10 22:00:00,57.881,61.52496183072622,0.0,3.6439618307262194
0,Hog_services_Marshall,2016-12-10 23:00:00,56.349,62.41655650130515,0.0,6.067556501305155
0,Bull_office_Ella,2016-12-10 00:00:00,86.28571428571429,82.91467256258736,0.0,3.371041723126936
0,Bull_office_Ella,2016-12-10 01:00:00,86.42857142857143,73.99228725480515,0.0,12.436284173766282
0,Bull_office_Ella,2016-12-10 02:00:00,86.57142857142857,72.91180785374085,0.0,13.659620717687716
0,Bull_office_Ella,2016-12-10 03:00:00,86.71428571428571,136.8781624841723,0.0,50.163876769886585
0,Bull_office_Ella,2016-12-10 04:00:00,86.85714285714286,106.52968607663914,0.0,19.672543219496276
0,Bull_office_Ella,2016-12-10 05:00:00,87.0,107.4376394003292,0.0,20.437639400329203
0,Bull_office_Ella,2016-12-10 06:00:00,84.0,106.38103190898596,0.0,22.38103190898596
0,Bull_office_Ella,2016-12-10 07:00:00,83.0,104.69625796335335,0.0,21.696257963353347
0,Bull_office_Ella,2016-12-10 08:00:00,72.0,132.78555188615366,0.0,60.785551886153655
0,Bull_office_Ella,2016-12-10 09:00:00,60.0,127.19024237415525,0.0,67.19024237415525
0,Bull_office_Ella,2016-12-10 10:00:00,61.0,96.8383401670047,0.0,35.8383401670047
0,Bull_office_Ella,2016-12-10 11:00:00,62.0,96.04990080745002,0.0,34.049900807450015
0,Bull_office_Ella,2016-12-10 12:00:00,61.0,97.10835246688104,0.0,36.108352466881044
0,Bull_office_Ella,2016-12-10 13:00:00,62.0,151.2168019607882,0.0,89.21680196078819
0,Bull_office_Ella,2016-12-10 14:00:00,59.0,124.56464080137985,0.0,65.56464080137985
0,Bull_office_Ella,2016-12-10 15:00:00,63.0,147.38056091180908,0.0,84.38056091180908
0,Bull_office_Ella,2016-12-10 16:00:00,59.0,127.23151574077515,0.0,68.23151574077515
0,Bull_office_Ella,2016-12-10 17:00:00,62.0,122.35531376515135,0.0,60.35531376515135
0,Bull_office_Ella,2016-12-10 18:00:00,61.0,99.39755863522602,0.0,38.39755863522602
0,Bull_office_Ella,2016-12-10 19:00:00,64.0,96.09020980917525,0.0,32.09020980917525
0,Bull_office_Ella,2016-12-10 20:00:00,83.0,119.85477086074627,0.0,36.85477086074627
0,Bull_office_Ella,2016-12-10 21:00:00,85.0,120.36682000396412,0.0,35.36682000396412
0,Bull_office_Ella,2016-12-10 22:00:00,82.0,120.3873967981015,0.0,38.387396798101506
0,Bull_office_Ella,2016-12-10 23:00:00,83.0,120.74977972415695,0.0,37.74977972415695
0,Fox_education_Elvira,2016-12-10 00:00:00,117.72,123.39257965138908,0.0,5.672579651389086
0,Fox_education_Elvira,2016-12-10 01:00:00,116.65,125.04036869774365,0.0,8.39036869774364
0,Fox_education_Elvira,2016-12-10 02:00:00,116.35,125.50776249086988,0.0,9.157762490869885
0,Fox_education_Elvira,2016-12-10 03:00:00,116.3,131.83159207447105,0.0,15.53159207447105
0,Fox_education_Elvira,2016-12-10 04:00:00,117.47,141.20481302229513,0.0,23.73481302229513
0,Fox_education_Elvira,2016-12-10 05:00:00,231.11,280.05078074615693,0.0,48.94078074615692
0,Fox_education_Elvira,2016-12-10 06:00:00,299.86,296.1941206894957,0.0,3.6658793105042946
0,Fox_education_Elvira,2016-12-10 07:00:00,313.91,311.0907251714511,0.0,2.8192748285489415
0,Fox_education_Elvira,2016-12-10 08:00:00,294.22,327.87352476504697,0.0,33.65352476504694
0,Fox_education_Elvira,2016-12-10 09:00:00,275.68,308.51467990068545,0.0,32.834679900685444
0,Fox_education_Elvira,2016-12-10 10:00:00,243.4,271.96428886514474,0.0,28.564288865144732
0,Fox_education_Elvira,2016-12-10 11:00:00,210.18,244.86087142664454,0.0,34.68087142664453
0,Fox_education_Elvira,2016-12-10 12:00:00,199.11,223.04477383316694,0.0,23.93477383316693
0,Fox_education_Elvira,2016-12-10 13:00:00,199.43,192.92059312688363,0.0,6.509406873116376
0,Fox_education_Elvira,2016-12-10 14:00:00,184.78,186.9060370273622,0.0,2.1260370273622016
0,Fox_education_Elvira,2016-12-10 15:00:00,179.98,178.32028206078013,0.0,1.6597179392198598
0,Fox_education_Elvira,2016-12-10 16:00:00,180.88,178.7693670805297,0.0,2.110632919470305
0,Fox_education_Elvira,2016-12-10 17:00:00,189.5,178.1198277273898,0.0,11.380172272610196
0,Fox_education_Elvira,2016-12-10 18:00:00,197.74,174.19183839698215,0.0,23.54816160301786
0,Fox_education_Elvira,2016-12-10 19:00:00,196.02,171.17140521083007,0.0,24.848594789169937
0,Fox_education_Elvira,2016-12-10 20:00:00,195.37,169.02641440010757,0.0,26.343585599892435
0,Fox_education_Elvira,2016-12-10 21:00:00,137.7,138.8062728943434,0.0,1.1062728943434195
0,Fox_education_Elvira,2016-12-10 22:00:00,126.52,119.82474601419199,0.0,6.695253985808009
0,Fox_education_Elvira,2016-12-10 23:00:00,122.67,120.38055819424204,0.0,2.28944180575796
0,Bull_office_Sally,2016-12-10 00:00:00,112.0,178.28625138844455,0.0,66.28625138844455
0,Bull_office_Sally,2016-12-10 01:00:00,69.0,184.02135947465507,0.0,115.02135947465507
0,Bull_office_Sally,2016-12-10 02:00:00,55.0,185.60049106078344,0.0,130.60049106078344
0,Bull_office_Sally,2016-12-10 03:00:00,53.0,168.7057229103377,0.0,115.7057229103377
0,Bull_office_Sally,2016-12-10 04:00:00,52.0,102.86049276335383,0.0,50.86049276335383
0,Bull_office_Sally,2016-12-10 05:00:00,53.0,55.41145909985447,0.0,2.4114590998544685
0,Bull_office_Sally,2016-12-10 06:00:00,58.0,94.79993707634259,0.0,36.79993707634259
0,Bull_office_Sally,2016-12-10 07:00:00,97.0,125.47029980948834,0.0,28.47029980948834
0,Bull_office_Sally,2016-12-10 08:00:00,103.0,136.514382332957,0.0,33.51438233295701
0,Bull_office_Sally,2016-12-10 09:00:00,93.0,133.73675946232268,0.0,40.73675946232268
0,Bull_office_Sally,2016-12-10 10:00:00,91.0,110.73179112189437,0.0,19.731791121894375
0,Bull_office_Sally,2016-12-10 11:00:00,103.0,111.84808683673204,0.0,8.848086836732037
0,Bull_office_Sally,2016-12-10 12:00:00,101.0,111.62610800820634,0.0,10.626108008206344
0,Bull_office_Sally,2016-12-10 13:00:00,99.0,111.79516634434867,0.0,12.795166344348672
0,Bull_office_Sally,2016-12-10 14:00:00,108.0,111.79516634434867,0.0,3.7951663443486723
0,Bull_office_Sally,2016-12-10 15:00:00,110.0,109.8683251066987,0.0,0.13167489330129456
0,Bull_office_Sally,2016-12-10 16:00:00,109.0,108.95573072889759,0.0,0.04426927110240797
0,Bull_office_Sally,2016-12-10 17:00:00,124.0,108.95573072889759,0.0,15.044269271102408
0,Bull_office_Sally,2016-12-10 18:00:00,123.0,104.6838185668919,0.0,18.3161814331081
0,Bull_office_Sally,2016-12-10 19:00:00,112.0,91.77402182107568,0.0,20.225978178924322
0,Bull_office_Sally,2016-12-10 20:00:00,109.66666666666669,92.42215869395697,0.0,17.244507972709712
0,Bull_office_Sally,2016-12-10 21:00:00,107.33333333333331,78.07995375302059,0.0,29.253379580312725
0,Bull_office_Sally,2016-12-10 22:00:00,105.0,55.91559447509572,0.0,49.08440552490428
0,Bull_office_Sally,2016-12-10 23:00:00,109.0,44.14148222288828,0.0,64.85851777711173
0,Fox_education_Charles,2016-12-10 00:00:00,9.62,9.680652052728899,0.0,0.06065205272889962
0,Fox_education_Charles,2016-12-10 01:00:00,9.55,9.688477198316491,0.0,0.1384771983164903
0,Fox_education_Charles,2016-12-10 02:00:00,9.75,9.57291147816237,0.0,0.17708852183763035
0,Fox_education_Charles,2016-12-10 03:00:00,9.69,9.615970097280416,0.0,0.07402990271958387
0,Fox_education_Charles,2016-12-10 04:00:00,9.56,9.615970097280416,0.0,0.05597009728041513
0,Fox_education_Charles,2016-12-10 05:00:00,9.55,9.546309956170905,0.0,0.003690043829095657
0,Fox_education_Charles,2016-12-10 06:00:00,9.64,10.35341897035888,0.0,0.7134189703588802
0,Fox_education_Charles,2016-12-10 07:00:00,9.34,12.155902099583006,0.0,2.815902099583006
0,Fox_education_Charles,2016-12-10 08:00:00,8.88,10.35341897035888,0.0,1.47341897035888
0,Fox_education_Charles,2016-12-10 09:00:00,9.27,10.35341897035888,0.0,1.0834189703588812
0,Fox_education_Charles,2016-12-10 10:00:00,11.16,10.28077703185658,0.0,0.87922296814342
0,Fox_education_Charles,2016-12-10 11:00:00,13.2,10.055946915980897,0.0,3.1440530840191023
0,Fox_education_Charles,2016-12-10 12:00:00,17.41,10.195798707724709,0.0,7.214201292275291
0,Fox_education_Charles,2016-12-10 13:00:00,14.08,9.613519809412416,0.0,4.466480190587584
0,Fox_education_Charles,2016-12-10 14:00:00,21.38,9.613519809412416,0.0,11.766480190587583
0,Fox_education_Charles,2016-12-10 15:00:00,10.29,14.530205496636441,0.0,4.240205496636442
0,Fox_education_Charles,2016-12-10 16:00:00,8.99,9.739535964243487,0.0,0.7495359642434867
0,Fox_education_Charles,2016-12-10 17:00:00,9.5,10.32181486255578,0.0,0.8218148625557795
0,Fox_education_Charles,2016-12-10 18:00:00,9.85,10.341833472785204,0.0,0.4918334727852045
0,Fox_education_Charles,2016-12-10 19:00:00,10.05,10.32181486255578,0.0,0.2718148625557788
0,Fox_education_Charles,2016-12-10 20:00:00,9.94,10.616305119540973,0.0,0.6763051195409737
0,Fox_education_Charles,2016-12-10 21:00:00,9.86,10.616305119540973,0.0,0.7563051195409738
0,Fox_education_Charles,2016-12-10 22:00:00,9.79,10.39147500366529,0.0,0.6014750036652909
0,Fox_education_Charles,2016-12-10 23:00:00,9.85,9.872483313929012,0.0,0.022483313929011928
0,Bear_education_Chad,2016-12-10 00:00:00,891.0729,893.4475136387056,0.0,2.3746136387055685
0,Bear_education_Chad,2016-12-10 01:00:00,870.5887,887.1769277262022,0.0,16.58822772620215
0,Bear_education_Chad,2016-12-10 02:00:00,871.2549,870.9685006546016,0.0,0.28639934539842216
0,Bear_education_Chad,2016-12-10 03:00:00,876.5941,883.812643026549,0.0,7.218543026549014
0,Bear_education_Chad,2016-12-10 04:00:00,885.1435,881.0952270843591,0.0,4.0482729156409505
0,Bear_education_Chad,2016-12-10 05:00:00,918.0271,922.6421771010682,0.0,4.615077101068209
0,Bear_education_Chad,2016-12-10 06:00:00,944.1904,958.4640722120189,0.0,14.273672212018937
0,Bear_education_Chad,2016-12-10 07:00:00,935.6399,961.9769184339385,0.0,26.33701843393851
0,Bear_education_Chad,2016-12-10 08:00:00,964.2375,975.6727080227594,0.0,11.435208022759412
0,Bear_education_Chad,2016-12-10 09:00:00,991.7583,1000.0238538702276,0.0,8.265553870227677
0,Bear_education_Chad,2016-12-10 10:00:00,978.5959,1000.5021746310505,0.0,21.90627463105045
0,Bear_education_Chad,2016-12-10 11:00:00,990.2125,1000.4770628639847,0.0,10.264562863984679
0,Bear_education_Chad,2016-12-10 12:00:00,1004.145,1022.0653673355861,0.0,17.920367335586093
0,Bear_education_Chad,2016-12-10 13:00:00,990.8635,1055.0463377368474,0.0,64.18283773684732
0,Bear_education_Chad,2016-12-10 14:00:00,994.7584,1045.2184779784961,0.0,50.46007797849609
0,Bear_education_Chad,2016-12-10 15:00:00,997.6853,1041.2240605866637,0.0,43.53876058666367
0,Bear_education_Chad,2016-12-10 16:00:00,987.6963,1032.5194385792422,0.0,44.823138579242254
0,Bear_education_Chad,2016-12-10 17:00:00,955.6549,1025.1656437510271,0.0,69.51074375102712
0,Bear_education_Chad,2016-12-10 18:00:00,958.6387,996.946574034564,0.0,38.307874034564065
0,Bear_education_Chad,2016-12-10 19:00:00,883.8337,970.7990408557826,0.0,86.96534085578253
0,Bear_education_Chad,2016-12-10 20:00:00,904.3364,966.1311352431649,0.0,61.79473524316484
0,Bear_education_Chad,2016-12-10 21:00:00,909.941,959.7432098396243,0.0,49.80220983962431
0,Bear_education_Chad,2016-12-10 22:00:00,894.2212,929.638889835002,0.0,35.41768983500208
0,Bear_education_Chad,2016-12-10 23:00:00,881.2211,930.0709716438814,0.0,48.84987164388144
0,Rat_office_Lora,2016-12-10 00:00:00,231.63,220.9735498374931,0.0,10.6564501625069
0,Rat_office_Lora,2016-12-10 01:00:00,237.79,219.66550073691369,0.0,18.124499263086307
0,Rat_office_Lora,2016-12-10 02:00:00,229.78,215.65377459412468,0.0,14.126225405875317
0,Rat_office_Lora,2016-12-10 03:00:00,233.15,218.66405994912066,0.0,14.48594005087935
0,Rat_office_Lora,2016-12-10 04:00:00,229.24,223.46819770704084,0.0,5.7718022929591655
0,Rat_office_Lora,2016-12-10 05:00:00,253.26,229.53305643637125,0.0,23.726943563628737
0,Rat_office_Lora,2016-12-10 06:00:00,256.41,258.693082067575,0.0,2.2830820675749806
0,Rat_office_Lora,2016-12-10 07:00:00,258.48,244.11139655099663,0.0,14.368603449003388
0,Rat_office_Lora,2016-12-10 08:00:00,270.74,464.89299423301196,0.0,194.15299423301195
0,Rat_office_Lora,2016-12-10 09:00:00,291.13,441.4463731876815,0.0,150.3163731876815
0,Rat_office_Lora,2016-12-10 10:00:00,286.91,332.0929449736118,0.0,45.18294497361177
0,Rat_office_Lora,2016-12-10 11:00:00,286.75,279.83137331449274,0.0,6.918626685507263
0,Rat_office_Lora,2016-12-10 12:00:00,277.03,280.74381107552955,0.0,3.713811075529577
0,Rat_office_Lora,2016-12-10 13:00:00,276.72,281.3855547432682,0.0,4.66555474326816
0,Rat_office_Lora,2016-12-10 14:00:00,280.61,276.0516567842918,0.0,4.558343215708192
0,Rat_office_Lora,2016-12-10 15:00:00,285.29,274.6398326253971,0.0,10.650167374602916
0,Rat_office_Lora,2016-12-10 16:00:00,281.55,282.1651942871647,0.0,0.6151942871646838
0,Rat_office_Lora,2016-12-10 17:00:00,252.88,280.80744997105865,0.0,27.92744997105865
0,Rat_office_Lora,2016-12-10 18:00:00,250.99,286.93275700755714,0.0,35.942757007557134
0,Rat_office_Lora,2016-12-10 19:00:00,253.79,282.51871435880054,0.0,28.728714358800545
0,Rat_office_Lora,2016-12-10 20:00:00,260.45,278.04314091277666,0.0,17.593140912776676
0,Rat_office_Lora,2016-12-10 21:00:00,269.32,266.86688004887503,0.0,2.453119951124961
0,Rat_office_Lora,2016-12-10 22:00:00,256.82,266.299060877383,0.0,9.479060877383006
0,Rat_office_Lora,2016-12-10 23:00:00,243.24,242.977971593684,0.0,0.26202840631600566
0,Rat_office_Adele,2016-12-10 00:00:00,610.61,587.2903690217535,0.0,23.31963097824655
0,Rat_office_Adele,2016-12-10 01:00:00,660.67,574.1052783191784,0.0,86.56472168082155
0,Rat_office_Adele,2016-12-10 02:00:00,625.62,588.5165844775341,0.0,37.103415522465866
0,Rat_office_Adele,2016-12-10 03:00:00,658.58,557.8241718512284,0.0,100.75582814877168
0,Rat_office_Adele,2016-12-10 04:00:00,620.57,559.3744483354039,0.0,61.19555166459611
0,Rat_office_Adele,2016-12-10 05:00:00,686.49,572.6656015965347,0.0,113.82439840346535
0,Rat_office_Adele,2016-12-10 06:00:00,704.02,637.9119774308291,0.0,66.10802256917088
0,Rat_office_Adele,2016-12-10 07:00:00,708.51,634.4689317594706,0.0,74.0410682405294
0,Rat_office_Adele,2016-12-10 08:00:00,704.23,688.5393231516924,0.0,15.69067684830759
0,Rat_office_Adele,2016-12-10 09:00:00,663.86,607.540745961251,0.0,56.31925403874902
0,Rat_office_Adele,2016-12-10 10:00:00,629.94,589.1781977161925,0.0,40.76180228380758
0,Rat_office_Adele,2016-12-10 11:00:00,611.29,602.4696564242732,0.0,8.820343575726724
0,Rat_office_Adele,2016-12-10 12:00:00,613.14,594.4347075668036,0.0,18.705292433196405
0,Rat_office_Adele,2016-12-10 13:00:00,622.53,599.8271504188396,0.0,22.70284958116042
0,Rat_office_Adele,2016-12-10 14:00:00,605.27,592.2797180562578,0.0,12.990281943742161
0,Rat_office_Adele,2016-12-10 15:00:00,599.05,569.3743118723621,0.0,29.67568812763784
0,Rat_office_Adele,2016-12-10 16:00:00,581.63,575.4458536833025,0.0,6.184146316697479
0,Rat_office_Adele,2016-12-10 17:00:00,607.15,588.1029008211797,0.0,19.047099178820304
0,Rat_office_Adele,2016-12-10 18:00:00,621.95,582.4183514822229,0.0,39.53164851777717
0,Rat_office_Adele,2016-12-10 19:00:00,645.6,582.3286313034235,0.0,63.271368696576474
0,Rat_office_Adele,2016-12-10 20:00:00,631.91,595.2443957234697,0.0,36.6656042765303
0,Rat_office_Adele,2016-12-10 21:00:00,666.11,602.2170407940237,0.0,63.892959205976354
0,Rat_office_Adele,2016-12-10 22:00:00,638.15,590.3350290030273,0.0,47.81497099697265
0,Rat_office_Adele,2016-12-10 23:00:00,669.59,592.8303087648549,0.0,76.75969123514517
0,Rat_assembly_Kelley,2016-12-10 00:00:00,4.944000000000001,2.6700079284831877,0.0,2.273992071516813
0,Rat_assembly_Kelley,2016-12-10 01:00:00,5.152,2.6625158452914985,0.0,2.4894841547085016
0,Rat_assembly_Kelley,2016-12-10 02:00:00,5.36,2.625545029406488,0.0,2.734454970593512
0,Rat_assembly_Kelley,2016-12-10 03:00:00,4.6,2.6946084564584547,0.0,1.905391543541545
0,Rat_assembly_Kelley,2016-12-10 04:00:00,4.64,2.6946084564584547,0.0,1.945391543541545
0,Rat_assembly_Kelley,2016-12-10 05:00:00,4.84,2.990068746206374,0.0,1.8499312537936259
0,Rat_assembly_Kelley,2016-12-10 06:00:00,4.92,2.990068746206374,0.0,1.929931253793626
0,Rat_assembly_Kelley,2016-12-10 07:00:00,4.8,2.990068746206374,0.0,1.8099312537936258
0,Rat_assembly_Kelley,2016-12-10 08:00:00,4.36,2.990068746206374,0.0,1.3699312537936263
0,Rat_assembly_Kelley,2016-12-10 09:00:00,4.04,2.694531893936382,0.0,1.3454681060636182
0,Rat_assembly_Kelley,2016-12-10 10:00:00,3.8,2.5780245624147002,0.0,1.2219754375852996
0,Rat_assembly_Kelley,2016-12-10 11:00:00,3.56,2.5558630849344226,0.0,1.0041369150655775
0,Rat_assembly_Kelley,2016-12-10 12:00:00,3.52,2.6062788123619844,0.0,0.9137211876380156
0,Rat_assembly_Kelley,2016-12-10 13:00:00,3.44,2.628440289842262,0.0,0.8115597101577379
0,Rat_assembly_Kelley,2016-12-10 14:00:00,3.36,2.6062788123619844,0.0,0.7537211876380154
0,Rat_assembly_Kelley,2016-12-10 15:00:00,3.6,2.628440289842262,0.0,0.971559710157738
0,Rat_assembly_Kelley,2016-12-10 16:00:00,3.68,3.027831819463049,0.0,0.6521681805369512
0,Rat_assembly_Kelley,2016-12-10 17:00:00,3.64,3.0499932969433265,0.0,0.5900067030566736
0,Rat_assembly_Kelley,2016-12-10 18:00:00,4.12,2.7744750549027586,0.0,1.3455249450972415
0,Rat_assembly_Kelley,2016-12-10 19:00:00,4.52,3.0499932969433265,0.0,1.470006703056673
0,Rat_assembly_Kelley,2016-12-10 20:00:00,4.68,3.119653438052838,0.0,1.5603465619471617
0,Rat_assembly_Kelley,2016-12-10 21:00:00,4.8,3.119653438052838,0.0,1.6803465619471618
0,Rat_assembly_Kelley,2016-12-10 22:00:00,4.92,3.119653438052838,0.0,1.800346561947162
0,Rat_assembly_Kelley,2016-12-10 23:00:00,4.96,3.18294064662885,0.0,1.77705935337115
0,Rat_public_Julieann,2016-12-10 00:00:00,1.26,1.1012436978996074,0.0,0.1587563021003926
0,Rat_public_Julieann,2016-12-10 01:00:00,1.25,1.0937516147079194,0.0,0.15624838529208063
0,Rat_public_Julieann,2016-12-10 02:00:00,1.2385714285714289,1.068843063721572,0.0,0.16972836484985687
0,Rat_public_Julieann,2016-12-10 03:00:00,1.227142857142857,1.137906490773538,0.0,0.0892363663693192
0,Rat_public_Julieann,2016-12-10 04:00:00,1.2157142857142855,1.137906490773538,0.0,0.07780779494074763
0,Rat_public_Julieann,2016-12-10 05:00:00,1.2042857142857142,1.0831756027935207,0.0,0.12111011149219353
0,Rat_public_Julieann,2016-12-10 06:00:00,1.1928571428571428,1.0242352918894448,0.0,0.168621850967698
0,Rat_public_Julieann,2016-12-10 07:00:00,1.1814285714285713,0.9042619634597681,0.0,0.2771666079688032
0,Rat_public_Julieann,2016-12-10 08:00:00,1.17,0.8733265552588668,0.0,0.2966734447411331
0,Rat_public_Julieann,2016-12-10 09:00:00,1.1566666666666665,0.8733265552588668,0.0,0.2833401114077997
0,Rat_public_Julieann,2016-12-10 10:00:00,1.143333333333333,0.8710556114608403,0.0,0.2722777218724928
0,Rat_public_Julieann,2016-12-10 11:00:00,1.13,0.8710556114608403,0.0,0.2589443885391596
0,Rat_public_Julieann,2016-12-10 12:00:00,1.1166666666666667,0.9094090739897387,0.0,0.207257592676928
0,Rat_public_Julieann,2016-12-10 13:00:00,1.1033333333333333,0.9094090739897387,0.0,0.19392425934359458
0,Rat_public_Julieann,2016-12-10 14:00:00,1.09,0.9094090739897387,0.0,0.1805909260102614
0,Rat_public_Julieann,2016-12-10 15:00:00,1.0766666666666669,0.9094090739897387,0.0,0.1672575926769282
0,Rat_public_Julieann,2016-12-10 16:00:00,1.0633333333333337,0.969984834383518,0.0,0.09334849894981567
0,Rat_public_Julieann,2016-12-10 17:00:00,1.05,1.0086939820794285,0.0,0.041306017920571536
0,Rat_public_Julieann,2016-12-10 18:00:00,1.096,1.0287125923088525,0.0,0.0672874076911476
0,Rat_public_Julieann,2016-12-10 19:00:00,1.142,1.1488984737172705,0.0,0.006898473717270592
0,Rat_public_Julieann,2016-12-10 20:00:00,1.1880000000000002,1.2036293616972877,0.0,0.01562936169728757
0,Rat_public_Julieann,2016-12-10 21:00:00,1.234,1.2036293616972877,0.0,0.03037063830271225
0,Rat_public_Julieann,2016-12-10 22:00:00,1.28,1.2036293616972877,0.0,0.07637063830271229
0,Rat_public_Julieann,2016-12-10 23:00:00,1.27,1.2669165702732996,0.0,0.003083429726700393
0,Bear_education_Lewis,2016-12-10 00:00:00,16.0,16.27035622718548,0.0,0.2703562271854807
0,Bear_education_Lewis,2016-12-10 01:00:00,15.75,16.278181372773073,0.0,0.5281813727730729
0,Bear_education_Lewis,2016-12-10 02:00:00,15.625,16.241210556888063,0.0,0.6162105568880634
0,Bear_education_Lewis,2016-12-10 03:00:00,15.5,16.69273910989596,0.0,1.1927391098959603
0,Bear_education_Lewis,2016-12-10 04:00:00,15.375,15.90654842629984,0.0,0.5315484262998407
0,Bear_education_Lewis,2016-12-10 05:00:00,15.25,16.756872102964234,0.0,1.506872102964234
0,Bear_education_Lewis,2016-12-10 06:00:00,15.416666666666666,18.455810787554544,0.0,3.0391441208878778
0,Bear_education_Lewis,2016-12-10 07:00:00,15.583333333333334,18.474791825516437,0.0,2.8914584921831032
0,Bear_education_Lewis,2016-12-10 08:00:00,15.75,18.671367153775847,0.0,2.921367153775847
0,Bear_education_Lewis,2016-12-10 09:00:00,16.833333333333332,19.963895724470337,0.0,3.130562391137005
0,Bear_education_Lewis,2016-12-10 10:00:00,17.916666666666668,19.44722389456011,0.0,1.5305572278934427
0,Bear_education_Lewis,2016-12-10 11:00:00,19.0,19.547821913983615,0.0,0.5478219139836149
0,Bear_education_Lewis,2016-12-10 12:00:00,18.5,18.99126779240288,0.0,0.4912677924028799
0,Bear_education_Lewis,2016-12-10 13:00:00,20.0,19.598237641411174,0.0,0.4017623585888259
0,Bear_education_Lewis,2016-12-10 14:00:00,19.75,19.598237641411174,0.0,0.15176235858882592
0,Bear_education_Lewis,2016-12-10 15:00:00,20.5,19.598237641411174,0.0,0.9017623585888259
0,Bear_education_Lewis,2016-12-10 16:00:00,20.0,19.01974685829569,0.0,0.9802531417043099
0,Bear_education_Lewis,2016-12-10 17:00:00,18.5,19.01974685829569,0.0,0.5197468582956901
0,Bear_education_Lewis,2016-12-10 18:00:00,17.4,19.191441731618397,0.0,1.7914417316183986
0,Bear_education_Lewis,2016-12-10 19:00:00,16.5,19.512411101652457,0.0,3.0124111016524573
0,Bear_education_Lewis,2016-12-10 20:00:00,16.083333333333332,20.39578532661274,0.0,4.3124519932794065
0,Bear_education_Lewis,2016-12-10 21:00:00,15.666666666666666,19.35042294330607,0.0,3.6837562766394054
0,Bear_education_Lewis,2016-12-10 22:00:00,15.25,17.635279660879235,0.0,2.3852796608792346
0,Bear_education_Lewis,2016-12-10 23:00:00,16.25,17.876290649479287,0.0,1.6262906494792873
0,Rat_office_Randy,2016-12-10 00:00:00,59.22,59.730957554645876,0.0,0.5109575546458771
0,Rat_office_Randy,2016-12-10 01:00:00,59.18,59.91622225454457,0.0,0.7362222545445718
0,Rat_office_Randy,2016-12-10 02:00:00,59.55,60.00791436230497,0.0,0.45791436230497595
0,Rat_office_Randy,2016-12-10 03:00:00,58.72,59.49962610058872,0.0,0.7796261005887217
0,Rat_office_Randy,2016-12-10 04:00:00,58.18,59.49962610058872,0.0,1.3196261005887209
0,Rat_office_Randy,2016-12-10 05:00:00,84.39,84.00270322663175,0.0,0.38729677336824864
0,Rat_office_Randy,2016-12-10 06:00:00,83.98,84.03439718467227,0.0,0.054397184672268395
0,Rat_office_Randy,2016-12-10 07:00:00,82.13,84.24165364359818,0.0,2.1116536435981885
0,Rat_office_Randy,2016-12-10 08:00:00,86.08,87.79582896174527,0.0,1.7158289617452738
0,Rat_office_Randy,2016-12-10 09:00:00,94.48,94.56855192671448,0.0,0.08855192671447298
0,Rat_office_Randy,2016-12-10 10:00:00,96.86,94.40452130340033,0.0,2.4554786965996698
0,Rat_office_Randy,2016-12-10 11:00:00,98.06,96.73839485201377,0.0,1.321605147986233
0,Rat_office_Randy,2016-12-10 12:00:00,98.81,92.48099643433893,0.0,6.329003565661068
0,Rat_office_Randy,2016-12-10 13:00:00,97.36,92.48099643433893,0.0,4.8790035656610655
0,Rat_office_Randy,2016-12-10 14:00:00,95.88,95.09682647890273,0.0,0.7831735210972681
0,Rat_office_Randy,2016-12-10 15:00:00,95.9,94.36242092246033,0.0,1.5375790775396752
0,Rat_office_Randy,2016-12-10 16:00:00,96.99,94.59660980131952,0.0,2.3933901986804784
0,Rat_office_Randy,2016-12-10 17:00:00,95.6,94.56467641251939,0.0,1.0353235874806046
0,Rat_office_Randy,2016-12-10 18:00:00,92.76,90.30711455588425,0.0,2.4528854441157506
0,Rat_office_Randy,2016-12-10 19:00:00,90.49,85.07192746769572,0.0,5.418072532304279
0,Rat_office_Randy,2016-12-10 20:00:00,84.93,85.11917139524866,0.0,0.1891713952486498
0,Rat_office_Randy,2016-12-10 21:00:00,60.95,60.99168673467201,0.0,0.04168673467200534
0,Rat_office_Randy,2016-12-10 22:00:00,58.3,60.49308716939515,0.0,2.193087169395156
0,Rat_office_Randy,2016-12-10 23:00:00,58.17,60.14762823029192,0.0,1.97762823029192
0,Rat_assembly_Pauline,2016-12-10 00:00:00,1.302857142857143,1.0307592806392143,0.0,0.27209786221792864
0,Rat_assembly_Pauline,2016-12-10 01:00:00,1.2857142857142858,1.038584426226807,0.0,0.2471298594874789
0,Rat_assembly_Pauline,2016-12-10 02:00:00,1.268571428571429,0.912177546025544,0.0,0.3563938825458849
0,Rat_assembly_Pauline,2016-12-10 03:00:00,1.2514285714285711,0.9812409730775101,0.0,0.270187598351061
0,Rat_assembly_Pauline,2016-12-10 04:00:00,1.2342857142857142,0.9812409730775101,0.0,0.2530447412082041
0,Rat_assembly_Pauline,2016-12-10 05:00:00,1.217142857142857,0.9265100850974929,0.0,0.2906327720453642
0,Rat_assembly_Pauline,2016-12-10 06:00:00,1.2,0.9265100850974929,0.0,0.27348991490250707
0,Rat_assembly_Pauline,2016-12-10 07:00:00,1.08,0.8107370846710963,0.0,0.2692629153289038
0,Rat_assembly_Pauline,2016-12-10 08:00:00,0.84,0.6705325930332546,0.0,0.16946740696674534
0,Rat_assembly_Pauline,2016-12-10 09:00:00,0.8,0.6705325930332546,0.0,0.1294674069667454
0,Rat_assembly_Pauline,2016-12-10 10:00:00,0.72,0.6682616492352279,0.0,0.05173835076477207
0,Rat_assembly_Pauline,2016-12-10 11:00:00,0.74,0.6682616492352279,0.0,0.07173835076477209
0,Rat_assembly_Pauline,2016-12-10 12:00:00,0.76,0.8081134409790409,0.0,0.04811344097904091
0,Rat_assembly_Pauline,2016-12-10 13:00:00,0.78,0.8777579968758522,0.0,0.09775799687585218
0,Rat_assembly_Pauline,2016-12-10 14:00:00,0.7999999999999999,0.8777579968758522,0.0,0.07775799687585228
0,Rat_assembly_Pauline,2016-12-10 15:00:00,0.82,0.9936262000263695,0.0,0.17362620002636953
0,Rat_assembly_Pauline,2016-12-10 16:00:00,0.84,1.2290192960809825,0.0,0.3890192960809825
0,Rat_assembly_Pauline,2016-12-10 17:00:00,0.92,1.3162701598189064,0.0,0.39627015981890634
0,Rat_assembly_Pauline,2016-12-10 18:00:00,1.0933333333333333,1.4149689610809566,0.0,0.32163562774762333
0,Rat_assembly_Pauline,2016-12-10 19:00:00,1.2666666666666666,1.2448152959219596,0.0,0.021851370744707
0,Rat_assembly_Pauline,2016-12-10 20:00:00,1.44,1.2292420520416563,0.0,0.21075794795834368
0,Rat_assembly_Pauline,2016-12-10 21:00:00,1.417142857142857,1.1484621732161757,0.0,0.2686806839266813
0,Rat_assembly_Pauline,2016-12-10 22:00:00,1.3942857142857144,1.1484621732161757,0.0,0.24582354106953863
0,Rat_assembly_Pauline,2016-12-10 23:00:00,1.3714285714285714,1.2117493817921876,0.0,0.15967918963638383
0,Rat_office_Craig,2016-12-10 00:00:00,199.89,197.20202896028727,0.0,2.687971039712721
0,Rat_office_Craig,2016-12-10 01:00:00,201.09,196.40546335148792,0.0,4.684536648512079
0,Rat_office_Craig,2016-12-10 02:00:00,203.4,198.43232229930203,0.0,4.967677700697976
0,Rat_office_Craig,2016-12-10 03:00:00,203.9,195.6719718937413,0.0,8.228028106258705
0,Rat_office_Craig,2016-12-10 04:00:00,202.91,191.61148745202027,0.0,11.298512547979726
0,Rat_office_Craig,2016-12-10 05:00:00,204.29,190.58580945111964,0.0,13.704190548880348
0,Rat_office_Craig,2016-12-10 06:00:00,203.38,193.2873299798081,0.0,10.092670020191889
0,Rat_office_Craig,2016-12-10 07:00:00,200.78,190.29266897522243,0.0,10.487331024777575
0,Rat_office_Craig,2016-12-10 08:00:00,175.24,177.72581421578317,0.0,2.485814215783165
0,Rat_office_Craig,2016-12-10 09:00:00,186.04,185.66149827312358,0.0,0.37850172687640793
0,Rat_office_Craig,2016-12-10 10:00:00,186.87,185.1383710210797,0.0,1.7316289789202983
0,Rat_office_Craig,2016-12-10 11:00:00,190.97,179.01923610985554,0.0,11.950763890144458
0,Rat_office_Craig,2016-12-10 12:00:00,187.54,181.93852609691854,0.0,5.601473903081455
0,Rat_office_Craig,2016-12-10 13:00:00,186.76,185.04537696138428,0.0,1.7146230386157129
0,Rat_office_Craig,2016-12-10 14:00:00,188.29,179.37656056311252,0.0,8.913439436887472
0,Rat_office_Craig,2016-12-10 15:00:00,186.33,181.31960766589782,0.0,5.0103923341021925
0,Rat_office_Craig,2016-12-10 16:00:00,187.54,181.0003951941572,0.0,6.539604805842799
0,Rat_office_Craig,2016-12-10 17:00:00,185.88,178.12853615642956,0.0,7.751463843570434
0,Rat_office_Craig,2016-12-10 18:00:00,205.33,194.8165583320338,0.0,10.51344166796622
0,Rat_office_Craig,2016-12-10 19:00:00,207.75,199.41192511801813,0.0,8.338074881981868
0,Rat_office_Craig,2016-12-10 20:00:00,201.62,202.39766482531314,0.0,0.7776648253131384
0,Rat_office_Craig,2016-12-10 21:00:00,203.23,199.82229938993768,0.0,3.4077006100623066
0,Rat_office_Craig,2016-12-10 22:00:00,203.8,195.92915560100403,0.0,7.870844398995985
0,Rat_office_Craig,2016-12-10 23:00:00,201.82,195.1547770962267,0.0,6.665222903773298
1,Hog_parking_Antoinette,2016-12-17 00:00:00,19.285714285714285,21.411089101843118,0.0,2.125374816128833
1,Hog_parking_Antoinette,2016-12-17 01:00:00,19.571428571428573,21.588092995754586,0.0,2.016664424326013
1,Hog_parking_Antoinette,2016-12-17 02:00:00,19.857142857142858,21.3109446963182,0.0,1.4538018391753411
1,Hog_parking_Antoinette,2016-12-17 03:00:00,20.142857142857142,21.452682737002068,0.0,1.3098255941449253
1,Hog_parking_Antoinette,2016-12-17 04:00:00,20.428571428571427,21.928735657429165,0.0,1.500164228857738
1,Hog_parking_Antoinette,2016-12-17 05:00:00,20.714285714285715,22.479826653251177,0.0,1.7655409389654615
1,Hog_parking_Antoinette,2016-12-17 06:00:00,21.0,22.816811301789606,0.0,1.8168113017896061
1,Hog_parking_Antoinette,2016-12-17 07:00:00,33.0,27.40772244536067,0.0,5.592277554639331
1,Hog_parking_Antoinette,2016-12-17 08:00:00,36.0,31.044270919220345,0.0,4.955729080779655
1,Hog_parking_Antoinette,2016-12-17 09:00:00,35.0,31.044270919220345,0.0,3.955729080779655
1,Hog_parking_Antoinette,2016-12-17 10:00:00,34.0,30.789310420532686,0.0,3.2106895794673136
1,Hog_parking_Antoinette,2016-12-17 11:00:00,33.0,30.400862089346873,0.0,2.599137910653127
1,Hog_parking_Antoinette,2016-12-17 12:00:00,34.0,30.85627846303891,0.0,3.1437215369610882
1,Hog_parking_Antoinette,2016-12-17 13:00:00,33.333333333333336,30.35641131483938,0.0,2.976922018493955
1,Hog_parking_Antoinette,2016-12-17 14:00:00,32.666666666666664,30.147602402502766,0.0,2.519064264163898
1,Hog_parking_Antoinette,2016-12-17 15:00:00,32.0,26.112726447371674,0.0,5.887273552628326
1,Hog_parking_Antoinette,2016-12-17 16:00:00,31.0,26.299228451210546,0.0,4.700771548789454
1,Hog_parking_Antoinette,2016-12-17 17:00:00,28.0,26.050461218527488,0.0,1.949538781472512
1,Hog_parking_Antoinette,2016-12-17 18:00:00,19.0,20.89691539600174,0.0,1.8969153960017415
1,Hog_parking_Antoinette,2016-12-17 19:00:00,19.0,21.04660402286392,0.0,2.046604022863921
1,Hog_parking_Antoinette,2016-12-17 20:00:00,19.0,21.094066654446287,0.0,2.094066654446287
1,Hog_parking_Antoinette,2016-12-17 21:00:00,19.0,21.154318880276946,0.0,2.1543188802769464
1,Hog_parking_Antoinette,2016-12-17 22:00:00,19.0,20.707661108953836,0.0,1.707661108953836
1,Hog_parking_Antoinette,2016-12-17 23:00:00,18.0,20.752618355424186,0.0,2.752618355424186
1,Fox_office_Vicki,2016-12-17 00:00:00,111.23,122.06626499033996,1.0,10.836264990339956
1,Fox_office_Vicki,2016-12-17 01:00:00,109.94,122.00958272725521,0.0,12.06958272725521
1,Fox_office_Vicki,2016-12-17 02:00:00,103.0,121.45969999243798,0.0,18.459699992437976
1,Fox_office_Vicki,2016-12-17 03:00:00,98.64,123.45464577222849,0.0,24.814645772228488
1,Fox_office_Vicki,2016-12-17 04:00:00,96.87,123.52683559998484,0.0,26.65683559998483
1,Fox_office_Vicki,2016-12-17 05:00:00,96.48,121.81965757848533,0.0,25.33965757848533
1,Fox_office_Vicki,2016-12-17 06:00:00,99.46,119.70817584746534,0.0,20.248175847465347
1,Fox_office_Vicki,2016-12-17 07:00:00,103.76,125.20548950504644,0.0,21.44548950504644
1,Fox_office_Vicki,2016-12-17 08:00:00,106.44,138.8531606443355,0.0,32.413160644335505
1,Fox_office_Vicki,2016-12-17 09:00:00,110.3,143.75664648098564,0.0,33.45664648098564
1,Fox_office_Vicki,2016-12-17 10:00:00,112.04,138.27667639543384,0.0,26.236676395433832
1,Fox_office_Vicki,2016-12-17 11:00:00,117.59,125.89918011272202,0.0,8.309180112722018
1,Fox_office_Vicki,2016-12-17 12:00:00,108.95,133.8918400514336,0.0,24.9418400514336
1,Fox_office_Vicki,2016-12-17 13:00:00,106.83,131.1324273198653,0.0,24.302427319865288
1,Fox_office_Vicki,2016-12-17 14:00:00,114.96,138.23381621241458,0.0,23.273816212414587
1,Fox_office_Vicki,2016-12-17 15:00:00,119.7,137.07875695175505,0.0,17.37875695175505
1,Fox_office_Vicki,2016-12-17 16:00:00,121.55,128.90861238342555,0.0,7.358612383425552
1,Fox_office_Vicki,2016-12-17 17:00:00,111.75,123.72517408002771,0.0,11.975174080027713
1,Fox_office_Vicki,2016-12-17 18:00:00,106.2,112.37762174656461,0.0,6.177621746564611
1,Fox_office_Vicki,2016-12-17 19:00:00,104.33,108.91659380765422,0.0,4.586593807654225
1,Fox_office_Vicki,2016-12-17 20:00:00,99.3,109.52168740629386,0.0,10.221687406293867
1,Fox_office_Vicki,2016-12-17 21:00:00,98.61,106.3851705593498,0.0,7.775170559349803
1,Fox_office_Vicki,2016-12-17 22:00:00,99.38,87.12256723672935,0.0,12.257432763270643
1,Fox_office_Vicki,2016-12-17 23:00:00,103.38,97.28314505576817,0.0,6.096854944231822
1,Fox_office_Joy,2016-12-17 00:00:00,136.75,136.38076104957085,1.0,0.3692389504291498
1,Fox_office_Joy,2016-12-17 01:00:00,132.85,126.72683606677566,0.0,6.123163933224333
1,Fox_office_Joy,2016-12-17 02:00:00,140.75,132.07265326677458,0.0,8.67734673322542
1,Fox_office_Joy,2016-12-17 03:00:00,136.07,128.68080745318014,0.0,7.3891925468198565
1,Fox_office_Joy,2016-12-17 04:00:00,134.62,126.18172087919106,0.0,8.438279120808943
1,Fox_office_Joy,2016-12-17 05:00:00,133.35,126.11274380792412,0.0,7.237256192075876
1,Fox_office_Joy,2016-12-17 06:00:00,130.51,124.94423382981172,0.0,5.565766170188269
1,Fox_office_Joy,2016-12-17 07:00:00,125.85,135.64538993535095,0.0,9.795389935350954
1,Fox_office_Joy,2016-12-17 08:00:00,128.03,147.6818668318566,0.0,19.65186683185661
1,Fox_office_Joy,2016-12-17 09:00:00,137.59,154.15399814939187,0.0,16.563998149391864
1,Fox_office_Joy,2016-12-17 10:00:00,146.31,157.65488305247789,0.0,11.344883052477883
1,Fox_office_Joy,2016-12-17 11:00:00,150.62,156.9908316881465,0.0,6.370831688146495
1,Fox_office_Joy,2016-12-17 12:00:00,155.24,172.70630621795155,0.0,17.46630621795154
1,Fox_office_Joy,2016-12-17 13:00:00,153.62,164.08059384780793,0.0,10.460593847807928
1,Fox_office_Joy,2016-12-17 14:00:00,150.67,161.77933332074923,0.0,11.109333320749244
1,Fox_office_Joy,2016-12-17 15:00:00,147.67,161.06812649164354,0.0,13.398126491643552
1,Fox_office_Joy,2016-12-17 16:00:00,144.81,157.73305093766317,0.0,12.923050937663163
1,Fox_office_Joy,2016-12-17 17:00:00,141.76,154.13461457574022,0.0,12.374614575740225
1,Fox_office_Joy,2016-12-17 18:00:00,146.12,150.84994527469445,0.0,4.729945274694444
1,Fox_office_Joy,2016-12-17 19:00:00,144.51,147.91448965345154,0.0,3.4044896534515487
1,Fox_office_Joy,2016-12-17 20:00:00,138.13,146.13616185858112,0.0,8.006161858581123
1,Fox_office_Joy,2016-12-17 21:00:00,131.8,145.92317355125917,0.0,14.123173551259157
1,Fox_office_Joy,2016-12-17 22:00:00,132.4,103.0433568724528,0.0,29.3566431275472
1,Fox_office_Joy,2016-12-17 23:00:00,134.17,115.56193168296916,0.0,18.608068317030828
1,Hog_services_Marshall,2016-12-17 00:00:00,64.512,59.65259263030713,0.0,4.8594073696928675
1,Hog_services_Marshall,2016-12-17 01:00:00,62.575,59.17655139726114,0.0,3.39844860273886
1,Hog_services_Marshall,2016-12-17 02:00:00,58.687,58.85104508991621,0.0,0.1640450899162147
1,Hog_services_Marshall,2016-12-17 03:00:00,59.944,55.98914118033814,0.0,3.9548588196618653
1,Hog_services_Marshall,2016-12-17 04:00:00,62.294,58.77219194649486,0.0,3.52180805350514
1,Hog_services_Marshall,2016-12-17 05:00:00,63.101000000000006,55.96187444811665,0.0,7.139125551883353
1,Hog_services_Marshall,2016-12-17 06:00:00,63.474,59.56903431019567,0.0,3.904965689804328
1,Hog_services_Marshall,2016-12-17 07:00:00,63.292,64.50519621688625,0.0,1.2131962168862458
1,Hog_services_Marshall,2016-12-17 08:00:00,64.189,68.19886574699207,0.0,4.009865746992077
1,Hog_services_Marshall,2016-12-17 09:00:00,63.828,64.65465028850846,0.0,0.8266502885084606
1,Hog_services_Marshall,2016-12-17 10:00:00,62.577,61.57102582764534,0.0,1.0059741723546551
1,Hog_services_Marshall,2016-12-17 11:00:00,60.858,65.34756881807755,0.0,4.489568818077551
1,Hog_services_Marshall,2016-12-17 12:00:00,60.82100000000001,62.51312677123605,0.0,1.6921267712360404
1,Hog_services_Marshall,2016-12-17 13:00:00,60.558,65.72951967874174,0.0,5.171519678741738
1,Hog_services_Marshall,2016-12-17 14:00:00,60.39,62.006870468564884,0.0,1.6168704685648834
1,Hog_services_Marshall,2016-12-17 15:00:00,60.842,62.409910311897555,0.0,1.5679103118975561
1,Hog_services_Marshall,2016-12-17 16:00:00,62.453,68.44445153003342,0.0,5.991451530033416
1,Hog_services_Marshall,2016-12-17 17:00:00,59.879,57.632981395463666,0.0,2.2460186045363315
1,Hog_services_Marshall,2016-12-17 18:00:00,60.199,56.822205350392146,0.0,3.3767946496078523
1,Hog_services_Marshall,2016-12-17 19:00:00,60.228,56.91135336850275,0.0,3.3166466314972496
1,Hog_services_Marshall,2016-12-17 20:00:00,60.817,57.314566752643024,0.0,3.5024332473569757
1,Hog_services_Marshall,2016-12-17 21:00:00,60.413,56.8897902176668,0.0,3.523209782333197
1,Hog_services_Marshall,2016-12-17 22:00:00,60.034,57.348038238664564,0.0,2.6859617613354345
1,Hog_services_Marshall,2016-12-17 23:00:00,59.82,58.135227890056264,0.0,1.6847721099437365
1,Bull_office_Ella,2016-12-17 00:00:00,77.33333333333333,121.98500468726995,0.0,44.65167135393662
1,Bull_office_Ella,2016-12-17 01:00:00,77.66666666666667,115.49592416158448,0.0,37.82925749491781
1,Bull_office_Ella,2016-12-17 02:00:00,78.0,115.07693998151646,0.0,37.07693998151646
1,Bull_office_Ella,2016-12-17 03:00:00,78.33333333333333,75.72434704875461,0.0,2.6089862845787195
1,Bull_office_Ella,2016-12-17 04:00:00,78.66666666666667,75.84854601579872,0.0,2.8181206508679537
1,Bull_office_Ella,2016-12-17 05:00:00,79.0,75.7886423871086,0.0,3.2113576128914048
1,Bull_office_Ella,2016-12-17 06:00:00,75.0,80.19700151422963,0.0,5.197001514229626
1,Bull_office_Ella,2016-12-17 07:00:00,77.0,75.06393731089048,0.0,1.9360626891095194
1,Bull_office_Ella,2016-12-17 08:00:00,63.0,65.46290411742241,0.0,2.4629041174224113
1,Bull_office_Ella,2016-12-17 09:00:00,54.0,58.09751681613256,0.0,4.097516816132561
1,Bull_office_Ella,2016-12-17 10:00:00,53.0,56.63314427496191,0.0,3.633144274961907
1,Bull_office_Ella,2016-12-17 11:00:00,53.0,61.552443228308405,0.0,8.552443228308405
1,Bull_office_Ella,2016-12-17 12:00:00,53.0,56.73536726457587,0.0,3.7353672645758706
1,Bull_office_Ella,2016-12-17 13:00:00,53.0,56.68925448428365,0.0,3.6892544842836514
1,Bull_office_Ella,2016-12-17 14:00:00,53.0,56.73946810453277,0.0,3.7394681045327687
1,Bull_office_Ella,2016-12-17 15:00:00,53.0,56.73946810453277,0.0,3.7394681045327687
1,Bull_office_Ella,2016-12-17 16:00:00,54.0,58.30824018043047,0.0,4.308240180430467
1,Bull_office_Ella,2016-12-17 17:00:00,49.0,58.59448215791836,0.0,9.594482157918357
1,Bull_office_Ella,2016-12-17 18:00:00,55.0,60.39003297900314,0.0,5.390032979003138
1,Bull_office_Ella,2016-12-17 19:00:00,56.0,61.08211404910688,0.0,5.0821140491068775
1,Bull_office_Ella,2016-12-17 20:00:00,76.0,76.0150111179333,0.0,0.015011117933298124
1,Bull_office_Ella,2016-12-17 21:00:00,77.0,77.25410311375539,0.0,0.2541031137553915
1,Bull_office_Ella,2016-12-17 22:00:00,78.0,76.05410799894162,0.0,1.9458920010583824
1,Bull_office_Ella,2016-12-17 23:00:00,79.0,73.26130402075309,0.0,5.738695979246913
1,Fox_education_Elvira,2016-12-17 00:00:00,116.35,114.55606977017432,1.0,1.7939302298256763
1,Fox_education_Elvira,2016-12-17 01:00:00,118.56,115.10205177780728,0.0,3.4579482221927265
1,Fox_education_Elvira,2016-12-17 02:00:00,117.68,111.85486302966719,0.0,5.825136970332821
1,Fox_education_Elvira,2016-12-17 03:00:00,117.49,113.90850912302975,0.0,3.58149087697025
1,Fox_education_Elvira,2016-12-17 04:00:00,119.47,112.00639975540182,0.0,7.463600244598183
1,Fox_education_Elvira,2016-12-17 05:00:00,155.01,165.65700065209978,0.0,10.647000652099791
1,Fox_education_Elvira,2016-12-17 06:00:00,259.41,191.48435653962025,0.0,67.92564346037977
1,Fox_education_Elvira,2016-12-17 07:00:00,310.93,203.52093501537854,0.0,107.40906498462147
1,Fox_education_Elvira,2016-12-17 08:00:00,296.25,200.69629217311902,0.0,95.55370782688098
1,Fox_education_Elvira,2016-12-17 09:00:00,288.82,206.41774043147697,0.0,82.40225956852302
1,Fox_education_Elvira,2016-12-17 10:00:00,286.26,193.55849775462733,0.0,92.70150224537267
1,Fox_education_Elvira,2016-12-17 11:00:00,258.0,188.9954004621919,0.0,69.0045995378081
1,Fox_education_Elvira,2016-12-17 12:00:00,245.43,183.5229374986761,0.0,61.90706250132391
1,Fox_education_Elvira,2016-12-17 13:00:00,237.48,182.91305756717304,0.0,54.56694243282695
1,Fox_education_Elvira,2016-12-17 14:00:00,226.74,173.12358531860963,0.0,53.61641468139038
1,Fox_education_Elvira,2016-12-17 15:00:00,221.89,170.85133868897285,0.0,51.03866131102714
1,Fox_education_Elvira,2016-12-17 16:00:00,212.92,172.38555235820147,0.0,40.53444764179852
1,Fox_education_Elvira,2016-12-17 17:00:00,216.14,168.91979026332575,0.0,47.220209736674235
1,Fox_education_Elvira,2016-12-17 18:00:00,219.14,167.33317381763933,0.0,51.80682618236065
1,Fox_education_Elvira,2016-12-17 19:00:00,214.15,166.0480519066747,0.0,48.10194809332532
1,Fox_education_Elvira,2016-12-17 20:00:00,221.49,164.73074857455973,0.0,56.75925142544028
1,Fox_education_Elvira,2016-12-17 21:00:00,159.04,131.43673853442635,0.0,27.603261465573638
1,Fox_education_Elvira,2016-12-17 22:00:00,135.73,87.1400410095424,0.0,48.58995899045759
1,Fox_education_Elvira,2016-12-17 23:00:00,142.51,95.59147628207303,0.0,46.91852371792696
1,Bull_office_Sally,2016-12-17 00:00:00,60.0,70.84767978629182,0.0,10.84767978629182
1,Bull_office_Sally,2016-12-17 01:00:00,60.0,51.06641134759446,0.0,8.93358865240554
1,Bull_office_Sally,2016-12-17 02:00:00,60.0,68.51340029349124,0.0,8.513400293491244
1,Bull_office_Sally,2016-12-17 03:00:00,60.0,52.87944822051675,0.0,7.12055177948325
1,Bull_office_Sally,2016-12-17 04:00:00,58.0,92.73818149466457,0.0,34.73818149466457
1,Bull_office_Sally,2016-12-17 05:00:00,57.0,51.112603803377525,0.0,5.8873961966224755
1,Bull_office_Sally,2016-12-17 06:00:00,58.0,67.88254186255608,0.0,9.882541862556081
1,Bull_office_Sally,2016-12-17 07:00:00,59.0,85.52296288221649,0.0,26.52296288221649
1,Bull_office_Sally,2016-12-17 08:00:00,58.66666666666666,90.46399341508197,0.0,31.797326748415315
1,Bull_office_Sally,2016-12-17 09:00:00,58.333333333333336,90.54919377453061,0.0,32.21586044119727
1,Bull_office_Sally,2016-12-17 10:00:00,58.0,95.90292398397395,0.0,37.90292398397395
1,Bull_office_Sally,2016-12-17 11:00:00,92.0,99.80735171998545,0.0,7.807351719985448
1,Bull_office_Sally,2016-12-17 12:00:00,94.0,103.07693374421332,0.0,9.07693374421332
1,Bull_office_Sally,2016-12-17 13:00:00,95.0,103.06640307165745,0.0,8.066403071657447
1,Bull_office_Sally,2016-12-17 14:00:00,107.0,107.12916020882658,0.0,0.1291602088265762
1,Bull_office_Sally,2016-12-17 15:00:00,113.0,106.78833279892588,0.0,6.211667201074121
1,Bull_office_Sally,2016-12-17 16:00:00,112.0,111.91977866775551,0.0,0.08022133224449135
1,Bull_office_Sally,2016-12-17 17:00:00,103.0,120.11387379428886,0.0,17.113873794288864
1,Bull_office_Sally,2016-12-17 18:00:00,108.0,119.1254714152677,0.0,11.125471415267697
1,Bull_office_Sally,2016-12-17 19:00:00,110.0,108.19747153038804,0.0,1.802528469611957
1,Bull_office_Sally,2016-12-17 20:00:00,109.33333333333331,99.57711660903195,0.0,9.756216724301368
1,Bull_office_Sally,2016-12-17 21:00:00,108.66666666666669,97.1164194342262,0.0,11.550247232440483
1,Bull_office_Sally,2016-12-17 22:00:00,108.0,89.28030617560309,0.0,18.719693824396913
1,Bull_office_Sally,2016-12-17 23:00:00,114.0,86.00750361306083,0.0,27.992496386939166
1,Fox_education_Charles,2016-12-17 00:00:00,8.06,9.976003517068774,0.0,1.9160035170687735
1,Fox_education_Charles,2016-12-17 01:00:00,8.879999999999999,9.613330680776603,0.0,0.7333306807766036
1,Fox_education_Charles,2016-12-17 02:00:00,9.7,9.579460131299836,0.0,0.12053986870016331
1,Fox_education_Charles,2016-12-17 03:00:00,9.64,9.383488428719849,0.0,0.2565115712801518
1,Fox_education_Charles,2016-12-17 04:00:00,9.85,9.755100649211347,0.0,0.09489935078865308
1,Fox_education_Charles,2016-12-17 05:00:00,9.73,9.70763801762898,0.0,0.02236198237102016
1,Fox_education_Charles,2016-12-17 06:00:00,9.64,10.462605450691884,0.0,0.8226054506918832
1,Fox_education_Charles,2016-12-17 07:00:00,8.7,10.180149818060075,0.0,1.4801498180600756
1,Fox_education_Charles,2016-12-17 08:00:00,8.09,9.589301690959124,0.0,1.4993016909591237
1,Fox_education_Charles,2016-12-17 09:00:00,8.4,9.589301690959124,0.0,1.1893016909591232
1,Fox_education_Charles,2016-12-17 10:00:00,7.95,9.790847191098107,0.0,1.8408471910981072
1,Fox_education_Charles,2016-12-17 11:00:00,8.0,10.424465409351122,0.0,2.4244654093511215
1,Fox_education_Charles,2016-12-17 12:00:00,8.33,13.615962111354813,0.0,5.285962111354813
1,Fox_education_Charles,2016-12-17 13:00:00,8.03,11.673310412160042,0.0,3.6433104121600426
1,Fox_education_Charles,2016-12-17 14:00:00,8.28,14.33665583308138,0.0,6.056655833081381
1,Fox_education_Charles,2016-12-17 15:00:00,8.01,10.569579166000022,0.0,2.559579166000022
1,Fox_education_Charles,2016-12-17 16:00:00,8.39,8.89183421556068,0.0,0.5018342155606792
1,Fox_education_Charles,2016-12-17 17:00:00,8.82,9.54229814460222,0.0,0.7222981446022203
1,Fox_education_Charles,2016-12-17 18:00:00,9.04,10.537471647618878,0.0,1.4974716476188785
1,Fox_education_Charles,2016-12-17 19:00:00,9.41,10.626619665729487,0.0,1.2166196657294872
1,Fox_education_Charles,2016-12-17 20:00:00,9.14,10.674082297311854,0.0,1.534082297311853
1,Fox_education_Charles,2016-12-17 21:00:00,9.09,10.674082297311854,0.0,1.5840822973118538
1,Fox_education_Charles,2016-12-17 22:00:00,9.21,6.079822709773655,0.0,3.130177290226346
1,Fox_education_Charles,2016-12-17 23:00:00,9.5,7.829337318476483,0.0,1.6706626815235168
1,Bear_education_Chad,2016-12-17 00:00:00,875.6208,874.8569991843941,0.0,0.7638008156059186
1,Bear_education_Chad,2016-12-17 01:00:00,869.1079,866.865494045893,0.0,2.242405954106971
1,Bear_education_Chad,2016-12-17 02:00:00,868.2346,871.8553690736039,0.0,3.620769073603924
1,Bear_education_Chad,2016-12-17 03:00:00,862.5717,866.3201235208995,0.0,3.748423520899564
1,Bear_education_Chad,2016-12-17 04:00:00,858.5024,870.3080216362514,0.0,11.80562163625143
1,Bear_education_Chad,2016-12-17 05:00:00,900.7381,895.4830556037102,0.0,5.255044396289804
1,Bear_education_Chad,2016-12-17 06:00:00,906.869,924.0176039453224,0.0,17.148603945322407
1,Bear_education_Chad,2016-12-17 07:00:00,916.5328,938.3127231665886,0.0,21.779923166588674
1,Bear_education_Chad,2016-12-17 08:00:00,930.3308,953.7341064929199,0.0,23.40330649291991
1,Bear_education_Chad,2016-12-17 09:00:00,953.2372,983.0380376412924,0.0,29.800837641292333
1,Bear_education_Chad,2016-12-17 10:00:00,960.0086,976.080430193474,0.0,16.071830193473943
1,Bear_education_Chad,2016-12-17 11:00:00,959.9551,979.929692909283,0.0,19.974592909282933
1,Bear_education_Chad,2016-12-17 12:00:00,956.1426,997.1829835213229,0.0,41.04038352132284
1,Bear_education_Chad,2016-12-17 13:00:00,972.6955,997.9129160808604,0.0,25.217416080860403
1,Bear_education_Chad,2016-12-17 14:00:00,958.3309,998.9913864598795,0.0,40.66048645987951
1,Bear_education_Chad,2016-12-17 15:00:00,974.0559,1006.5362352990619,0.0,32.48033529906195
1,Bear_education_Chad,2016-12-17 16:00:00,956.1083,988.234771316363,0.0,32.126471316362995
1,Bear_education_Chad,2016-12-17 17:00:00,939.6853,960.9717742295159,0.0,21.286474229515875
1,Bear_education_Chad,2016-12-17 18:00:00,916.2607,943.0534814129957,0.0,26.792781412995623
1,Bear_education_Chad,2016-12-17 19:00:00,915.0267,919.9579130646389,0.0,4.931213064638882
1,Bear_education_Chad,2016-12-17 20:00:00,907.3176,932.4581261370497,0.0,25.140526137049733
1,Bear_education_Chad,2016-12-17 21:00:00,895.5417,912.3086401662039,0.0,16.76694016620388
1,Bear_education_Chad,2016-12-17 22:00:00,898.0066,885.3730350094588,0.0,12.633564990541231
1,Bear_education_Chad,2016-12-17 23:00:00,883.0911,875.80572907142,0.0,7.285370928579937
1,Rat_office_Lora,2016-12-17 00:00:00,260.18,243.66378201425988,0.0,16.516217985740127
1,Rat_office_Lora,2016-12-17 01:00:00,260.34,259.80566316994026,0.0,0.5343368300597149
1,Rat_office_Lora,2016-12-17 02:00:00,256.83,268.8519321358475,0.0,12.021932135847521
1,Rat_office_Lora,2016-12-17 03:00:00,251.69,335.1429451012458,0.0,83.4529451012458
1,Rat_office_Lora,2016-12-17 04:00:00,255.45,396.697483193089,0.0,141.247483193089
1,Rat_office_Lora,2016-12-17 05:00:00,275.94,387.2246138274481,0.0,111.28461382744808
1,Rat_office_Lora,2016-12-17 06:00:00,284.1,385.9573877905253,0.0,101.85738779052525
1,Rat_office_Lora,2016-12-17 07:00:00,285.36,399.05185763757,0.0,113.69185763756997
1,Rat_office_Lora,2016-12-17 08:00:00,290.46,326.6183778249131,0.0,36.158377824913146
1,Rat_office_Lora,2016-12-17 09:00:00,308.1,370.03816524528133,0.0,61.93816524528131
1,Rat_office_Lora,2016-12-17 10:00:00,300.73,349.3817536534317,0.0,48.65175365343168
1,Rat_office_Lora,2016-12-17 11:00:00,301.91,321.7306204216771,0.0,19.820620421677063
1,Rat_office_Lora,2016-12-17 12:00:00,298.85,321.80363880275337,0.0,22.953638802753346
1,Rat_office_Lora,2016-12-17 13:00:00,298.34,326.30817893532225,0.0,27.96817893532227
1,Rat_office_Lora,2016-12-17 14:00:00,294.3,327.6859649155408,0.0,33.3859649155408
1,Rat_office_Lora,2016-12-17 15:00:00,283.51,334.5779520783809,0.0,51.06795207838093
1,Rat_office_Lora,2016-12-17 16:00:00,284.83,330.3630279103044,0.0,45.53302791030444
1,Rat_office_Lora,2016-12-17 17:00:00,257.77,302.57057169650795,0.0,44.80057169650797
1,Rat_office_Lora,2016-12-17 18:00:00,262.55,315.30853169970595,0.0,52.75853169970594
1,Rat_office_Lora,2016-12-17 19:00:00,272.7,304.6459239086223,0.0,31.94592390862232
1,Rat_office_Lora,2016-12-17 20:00:00,270.81,302.5037091711129,0.0,31.693709171112914
1,Rat_office_Lora,2016-12-17 21:00:00,264.96,309.11775904302533,0.0,44.15775904302535
1,Rat_office_Lora,2016-12-17 22:00:00,268.84,305.9050969422251,0.0,37.065096942225125
1,Rat_office_Lora,2016-12-17 23:00:00,249.91,304.46883145036884,0.0,54.55883145036884
1,Rat_office_Adele,2016-12-17 00:00:00,306.56,276.9159801187175,0.0,29.644019881282475
1,Rat_office_Adele,2016-12-17 01:00:00,275.34,492.20016291018254,0.0,216.86016291018257
1,Rat_office_Adele,2016-12-17 02:00:00,300.13,467.0830707387632,0.0,166.9530707387632
1,Rat_office_Adele,2016-12-17 03:00:00,279.1,482.7071058707566,0.0,203.60710587075658
1,Rat_office_Adele,2016-12-17 04:00:00,286.93,468.44175117428784,0.0,181.51175117428784
1,Rat_office_Adele,2016-12-17 05:00:00,307.17,532.4936669592862,0.0,225.3236669592862
1,Rat_office_Adele,2016-12-17 06:00:00,330.89,564.9678481229681,0.0,234.07784812296813
1,Rat_office_Adele,2016-12-17 07:00:00,324.05,571.1037078887691,0.0,247.0537078887691
1,Rat_office_Adele,2016-12-17 08:00:00,317.38,604.4644137372471,0.0,287.08441373724713
1,Rat_office_Adele,2016-12-17 09:00:00,324.73,569.3684750476561,0.0,244.63847504765613
1,Rat_office_Adele,2016-12-17 10:00:00,311.35,569.6249043148131,0.0,258.27490431481306
1,Rat_office_Adele,2016-12-17 11:00:00,330.97,560.9573927891141,0.0,229.9873927891141
1,Rat_office_Adele,2016-12-17 12:00:00,304.78,570.9251268884836,0.0,266.1451268884837
1,Rat_office_Adele,2016-12-17 13:00:00,323.61,571.6591871814428,0.0,248.0491871814428
1,Rat_office_Adele,2016-12-17 14:00:00,304.73,560.3866631869405,0.0,255.65666318694048
1,Rat_office_Adele,2016-12-17 15:00:00,297.36,560.3866631869405,0.0,263.0266631869405
1,Rat_office_Adele,2016-12-17 16:00:00,280.87,522.4931166595446,0.0,241.62311665954462
1,Rat_office_Adele,2016-12-17 17:00:00,265.64,573.0697126749279,0.0,307.42971267492794
1,Rat_office_Adele,2016-12-17 18:00:00,269.71,586.5830111313095,0.0,316.8730111313095
1,Rat_office_Adele,2016-12-17 19:00:00,260.41,517.9473455606792,0.0,257.53734556067917
1,Rat_office_Adele,2016-12-17 20:00:00,253.66,518.2688566736972,0.0,264.60885667369723
1,Rat_office_Adele,2016-12-17 21:00:00,276.29,566.4737909008801,0.0,290.18379090088007
1,Rat_office_Adele,2016-12-17 22:00:00,252.52,525.1153676818301,0.0,272.5953676818301
1,Rat_office_Adele,2016-12-17 23:00:00,279.53,556.9051906920785,0.0,277.3751906920785
1,Rat_assembly_Kelley,2016-12-17 00:00:00,6.68,6.560152567917193,0.0,0.1198474320828069
1,Rat_assembly_Kelley,2016-12-17 01:00:00,6.32,6.569091952116515,0.0,0.24909195211651447
1,Rat_assembly_Kelley,2016-12-17 02:00:00,6.96,7.659952409499056,0.0,0.6999524094990557
1,Rat_assembly_Kelley,2016-12-17 03:00:00,6.8,7.600795242646651,0.0,0.8007952426466511
1,Rat_assembly_Kelley,2016-12-17 04:00:00,6.12,7.600795242646651,0.0,1.4807952426466509
1,Rat_assembly_Kelley,2016-12-17 05:00:00,6.24,6.468135510400561,0.0,0.2281355104005609
1,Rat_assembly_Kelley,2016-12-17 06:00:00,6.44,8.334327266806318,0.0,1.8943272668063171
1,Rat_assembly_Kelley,2016-12-17 07:00:00,5.88,8.334327266806318,0.0,2.4543272668063176
1,Rat_assembly_Kelley,2016-12-17 08:00:00,6.44,6.390628898779109,0.0,0.049371101220891056
1,Rat_assembly_Kelley,2016-12-17 09:00:00,5.88,6.390628898779109,0.0,0.5106288987791094
1,Rat_assembly_Kelley,2016-12-17 10:00:00,5.56,7.186562401789935,0.0,1.6265624017899354
1,Rat_assembly_Kelley,2016-12-17 11:00:00,5.8,7.190687908296663,0.0,1.3906879082966634
1,Rat_assembly_Kelley,2016-12-17 12:00:00,5.36,8.324926682116715,0.0,2.9649266821167144
1,Rat_assembly_Kelley,2016-12-17 13:00:00,5.48,5.355639607245751,0.0,0.12436039275424982
1,Rat_assembly_Kelley,2016-12-17 14:00:00,5.16,7.564040433100777,0.0,2.4040404331007768
1,Rat_assembly_Kelley,2016-12-17 15:00:00,5.88,5.391607018151252,0.0,0.48839298184874824
1,Rat_assembly_Kelley,2016-12-17 16:00:00,5.653333333333333,7.375472975886684,0.0,1.7221396425533504
1,Rat_assembly_Kelley,2016-12-17 17:00:00,5.426666666666667,7.375472975886684,0.0,1.948806309220017
1,Rat_assembly_Kelley,2016-12-17 18:00:00,5.2,7.375472975886684,0.0,2.1754729758866835
1,Rat_assembly_Kelley,2016-12-17 19:00:00,5.44,7.464620993997293,0.0,2.024620993997293
1,Rat_assembly_Kelley,2016-12-17 20:00:00,5.6,7.5120836255796615,0.0,1.9120836255796618
1,Rat_assembly_Kelley,2016-12-17 21:00:00,5.92,5.574462603554563,0.0,0.3455373964454367
1,Rat_assembly_Kelley,2016-12-17 22:00:00,5.68,7.545449877740073,0.0,1.8654498777400734
1,Rat_assembly_Kelley,2016-12-17 23:00:00,6.04,5.564808072717303,0.0,0.47519192728269743
1,Rat_public_Julieann,2016-12-17 00:00:00,1.231666666666667,1.196759234578463,0.0,0.034907432088203905
1,Rat_public_Julieann,2016-12-17 01:00:00,1.2125,1.2056986187777865,0.0,0.00680138122221341
1,Rat_public_Julieann,2016-12-17 02:00:00,1.1933333333333334,1.2113619754966047,0.0,0.01802864216327138
1,Rat_public_Julieann,2016-12-17 03:00:00,1.1741666666666668,1.1429996197454662,0.0,0.031167046921200647
1,Rat_public_Julieann,2016-12-17 04:00:00,1.155,1.1429996197454662,0.0,0.012000380254533871
1,Rat_public_Julieann,2016-12-17 05:00:00,1.1358333333333333,1.1429996197454662,0.0,0.007166286412132905
1,Rat_public_Julieann,2016-12-17 06:00:00,1.1166666666666667,1.1627575858588115,0.0,0.04609091919214481
1,Rat_public_Julieann,2016-12-17 07:00:00,1.0975,1.1627575858588115,0.0,0.06525758585881158
1,Rat_public_Julieann,2016-12-17 08:00:00,1.0783333333333334,1.1546410262346225,0.0,0.07630769290128914
1,Rat_public_Julieann,2016-12-17 09:00:00,1.0591666666666666,1.1546410262346225,0.0,0.09547435956795591
1,Rat_public_Julieann,2016-12-17 10:00:00,1.04,1.0861601921408857,0.0,0.046160192140885625
1,Rat_public_Julieann,2016-12-17 11:00:00,0.8914285714285715,1.0902856986476148,0.0,0.19885712721904336
1,Rat_public_Julieann,2016-12-17 12:00:00,0.7428571428571429,1.1393273718039478,0.0,0.39647022894680495
1,Rat_public_Julieann,2016-12-17 13:00:00,0.5942857142857143,1.1928584196218004,0.0,0.5985727053360861
1,Rat_public_Julieann,2016-12-17 14:00:00,0.4457142857142857,1.2062948303099363,0.0,0.7605805445956506
1,Rat_public_Julieann,2016-12-17 15:00:00,0.2971428571428571,1.2062948303099363,0.0,0.9091519731670792
1,Rat_public_Julieann,2016-12-17 16:00:00,0.1485714285714285,1.2259690670194656,1.0,1.077397638448037
1,Rat_public_Julieann,2016-12-17 17:00:00,0.0,1.2259690670194656,0.0,1.2259690670194656
1,Rat_public_Julieann,2016-12-17 18:00:00,0.254,1.2259690670194656,1.0,0.9719690670194656
1,Rat_public_Julieann,2016-12-17 19:00:00,0.508,1.2485000672368307,0.0,0.7405000672368307
1,Rat_public_Julieann,2016-12-17 20:00:00,0.762,1.2899917238574354,0.0,0.5279917238574354
1,Rat_public_Julieann,2016-12-17 21:00:00,1.016,1.2899917238574354,0.0,0.2739917238574354
1,Rat_public_Julieann,2016-12-17 22:00:00,1.27,1.323357976017847,0.0,0.053357976017847086
1,Rat_public_Julieann,2016-12-17 23:00:00,1.259090909090909,1.3119376306075334,0.0,0.052846721516624395
1,Bear_education_Lewis,2016-12-17 00:00:00,18.25,18.074827488688214,0.0,0.17517251131178568
1,Bear_education_Lewis,2016-12-17 01:00:00,18.166666666666668,18.083766872887537,0.0,0.0828997937791307
1,Bear_education_Lewis,2016-12-17 02:00:00,18.08333333333333,18.049896323410756,0.0,0.03343700992257226
1,Bear_education_Lewis,2016-12-17 03:00:00,18.0,17.40615573072503,0.0,0.593844269274971
1,Bear_education_Lewis,2016-12-17 04:00:00,17.916666666666668,17.4060504968639,0.0,0.5106161698027663
1,Bear_education_Lewis,2016-12-17 05:00:00,17.833333333333332,17.388817175312372,0.0,0.44451615802096
1,Bear_education_Lewis,2016-12-17 06:00:00,17.75,17.451208199980325,0.0,0.298791800019675
1,Bear_education_Lewis,2016-12-17 07:00:00,17.25,18.32851498341947,0.0,1.0785149834194705
1,Bear_education_Lewis,2016-12-17 08:00:00,17.0,19.32827626995916,0.0,2.3282762699591615
1,Bear_education_Lewis,2016-12-17 09:00:00,17.2012,19.346048912349595,0.0,2.1448489123495946
1,Bear_education_Lewis,2016-12-17 10:00:00,17.25,18.808199028065886,0.0,1.5581990280658857
1,Bear_education_Lewis,2016-12-17 11:00:00,17.75,19.25784483569265,0.0,1.5078448356926515
1,Bear_education_Lewis,2016-12-17 12:00:00,17.25,18.914700976767698,0.0,1.6647009767676977
1,Bear_education_Lewis,2016-12-17 13:00:00,16.5,20.16559679987891,0.0,3.6655967998789087
1,Bear_education_Lewis,2016-12-17 14:00:00,16.48,20.20156421078441,0.0,3.721564210784411
1,Bear_education_Lewis,2016-12-17 15:00:00,16.46,20.20156421078441,0.0,3.7415642107844107
1,Bear_education_Lewis,2016-12-17 16:00:00,16.439999999999998,20.788600236379487,0.0,4.34860023637949
1,Bear_education_Lewis,2016-12-17 17:00:00,16.419999999999998,20.16217338136922,0.0,3.7421733813692235
1,Bear_education_Lewis,2016-12-17 18:00:00,16.4,19.68003413440675,0.0,3.280034134406751
1,Bear_education_Lewis,2016-12-17 19:00:00,16.487499999999997,19.384810685825002,0.0,2.897310685825005
1,Bear_education_Lewis,2016-12-17 20:00:00,16.575,19.04030999287802,0.0,2.4653099928780193
1,Bear_education_Lewis,2016-12-17 21:00:00,16.6625,18.637829445790384,0.0,1.9753294457903827
1,Bear_education_Lewis,2016-12-17 22:00:00,16.75,17.9544918630848,0.0,1.204491863084801
1,Bear_education_Lewis,2016-12-17 23:00:00,16.5,18.135577023050438,0.0,1.6355770230504376
1,Rat_office_Randy,2016-12-17 00:00:00,63.4,59.44947008589182,0.0,3.9505299141081807
1,Rat_office_Randy,2016-12-17 01:00:00,65.63,60.04446599653743,0.0,5.585534003462563
1,Rat_office_Randy,2016-12-17 02:00:00,64.18,59.732766757255376,0.0,4.44723324274463
1,Rat_office_Randy,2016-12-17 03:00:00,63.8,59.273983933021086,0.0,4.526016066978912
1,Rat_office_Randy,2016-12-17 04:00:00,63.61,59.05070767796155,0.0,4.559292322038452
1,Rat_office_Randy,2016-12-17 05:00:00,73.63,71.1933720585554,0.0,2.4366279414445984
1,Rat_office_Randy,2016-12-17 06:00:00,71.14,70.92261193005649,0.0,0.21738806994351023
1,Rat_office_Randy,2016-12-17 07:00:00,71.3,77.89800276453597,0.0,6.598002764535977
1,Rat_office_Randy,2016-12-17 08:00:00,80.04,82.97344565121435,0.0,2.933445651214342
1,Rat_office_Randy,2016-12-17 09:00:00,86.8,88.94308624088737,0.0,2.1430862408873708
1,Rat_office_Randy,2016-12-17 10:00:00,88.49,90.182459023354,0.0,1.6924590233540044
1,Rat_office_Randy,2016-12-17 11:00:00,89.08,93.47300268351475,0.0,4.3930026835147515
1,Rat_office_Randy,2016-12-17 12:00:00,89.89,93.37972580200335,0.0,3.489725802003349
1,Rat_office_Randy,2016-12-17 13:00:00,94.95,92.51559123592011,0.0,2.4344087640798904
1,Rat_office_Randy,2016-12-17 14:00:00,98.17,90.27889058982574,0.0,7.891109410174266
1,Rat_office_Randy,2016-12-17 15:00:00,97.36,90.27889058982574,0.0,7.081109410174264
1,Rat_office_Randy,2016-12-17 16:00:00,95.55,91.19105906832476,0.0,4.358940931675235
1,Rat_office_Randy,2016-12-17 17:00:00,93.49,91.13435650431232,0.0,2.355643495687673
1,Rat_office_Randy,2016-12-17 18:00:00,91.27,86.78298458359433,0.0,4.487015416405669
1,Rat_office_Randy,2016-12-17 19:00:00,88.79,81.61570717053526,0.0,7.174292829464747
1,Rat_office_Randy,2016-12-17 20:00:00,85.05,80.34515865757136,0.0,4.704841342428637
1,Rat_office_Randy,2016-12-17 21:00:00,74.13,59.928801334168135,0.0,14.20119866583186
1,Rat_office_Randy,2016-12-17 22:00:00,74.69,59.962167586328555,0.0,14.727832413671443
1,Rat_office_Randy,2016-12-17 23:00:00,75.53,59.762355460458984,0.0,15.767644539541017
1,Rat_assembly_Pauline,2016-12-17 00:00:00,1.44,1.473272313543676,0.0,0.0332723135436761
1,Rat_assembly_Pauline,2016-12-17 01:00:00,1.43,1.4822116977429993,0.0,0.052211697742999386
1,Rat_assembly_Pauline,2016-12-17 02:00:00,1.42,1.4483411482662296,0.0,0.028341148266229688
1,Rat_assembly_Pauline,2016-12-17 03:00:00,1.41,1.275978186615993,0.0,0.13402181338400698
1,Rat_assembly_Pauline,2016-12-17 04:00:00,1.4,1.3049887885144562,0.0,0.0950112114855437
1,Rat_assembly_Pauline,2016-12-17 05:00:00,1.36,1.2151452164604764,0.0,0.14485478353952375
1,Rat_assembly_Pauline,2016-12-17 06:00:00,1.28,1.2057873468142324,0.0,0.07421265318576764
1,Rat_assembly_Pauline,2016-12-17 07:00:00,1.16,1.0247447858426768,0.0,0.1352552141573231
1,Rat_assembly_Pauline,2016-12-17 08:00:00,0.96,0.9940972260011225,0.0,0.03409722600112253
1,Rat_assembly_Pauline,2016-12-17 09:00:00,0.92,0.9940972260011225,0.0,0.07409722600112245
1,Rat_assembly_Pauline,2016-12-17 10:00:00,0.912,0.9131900453658803,0.0,0.001190045365880299
1,Rat_assembly_Pauline,2016-12-17 11:00:00,0.904,1.0568664562235601,0.0,0.1528664562235601
1,Rat_assembly_Pauline,2016-12-17 12:00:00,0.896,1.145442035575481,0.0,0.24944203557548106
1,Rat_assembly_Pauline,2016-12-17 13:00:00,0.888,1.1989730833933336,0.0,0.3109730833933336
1,Rat_assembly_Pauline,2016-12-17 14:00:00,0.88,1.2839659615997667,0.0,0.4039659615997667
1,Rat_assembly_Pauline,2016-12-17 15:00:00,0.72,1.359545944177147,0.0,0.6395459441771469
1,Rat_assembly_Pauline,2016-12-17 16:00:00,0.8,1.6727011750007712,0.0,0.8727011750007712
1,Rat_assembly_Pauline,2016-12-17 17:00:00,0.0,1.6771958021300022,0.0,1.6771958021300022
1,Rat_assembly_Pauline,2016-12-17 18:00:00,1.08,1.6771958021300022,0.0,0.5971958021300021
1,Rat_assembly_Pauline,2016-12-17 19:00:00,1.12,1.6379392971764388,0.0,0.5179392971764387
1,Rat_assembly_Pauline,2016-12-17 20:00:00,1.2,1.548095725122459,0.0,0.348095725122459
1,Rat_assembly_Pauline,2016-12-17 21:00:00,1.28,1.548200958983585,0.0,0.268200958983585
1,Rat_assembly_Pauline,2016-12-17 22:00:00,1.26,1.5815672111439967,0.0,0.32156721114399667
1,Rat_assembly_Pauline,2016-12-17 23:00:00,1.24,1.5002928795433759,0.0,0.2602928795433759
1,Rat_office_Craig,2016-12-17 00:00:00,192.85,197.93561470178258,0.0,5.085614701782589
1,Rat_office_Craig,2016-12-17 01:00:00,191.75,197.6222116033891,0.0,5.872211603389104
1,Rat_office_Craig,2016-12-17 02:00:00,191.72,198.88585774095793,0.0,7.165857740957932
1,Rat_office_Craig,2016-12-17 03:00:00,190.63,198.7115150464051,0.0,8.081515046405116
1,Rat_office_Craig,2016-12-17 04:00:00,191.22,195.89398910876972,0.0,4.673989108769717
1,Rat_office_Craig,2016-12-17 05:00:00,189.3,193.64471165275506,0.0,4.344711652755052
1,Rat_office_Craig,2016-12-17 06:00:00,190.7,192.29332691914883,0.0,1.5933269191488364
1,Rat_office_Craig,2016-12-17 07:00:00,190.86,192.1558647519137,0.0,1.2958647519136832
1,Rat_office_Craig,2016-12-17 08:00:00,184.24,172.6131069473385,0.0,11.6268930526615
1,Rat_office_Craig,2016-12-17 09:00:00,176.15,181.93881291103165,0.0,5.788812911031641
1,Rat_office_Craig,2016-12-17 10:00:00,178.17,182.46043484137587,0.0,4.290434841375884
1,Rat_office_Craig,2016-12-17 11:00:00,175.93,183.3809033571555,0.0,7.450903357155482
1,Rat_office_Craig,2016-12-17 12:00:00,178.58,182.30911204395207,0.0,3.729112043952057
1,Rat_office_Craig,2016-12-17 13:00:00,175.57,181.26879448126687,0.0,5.698794481266873
1,Rat_office_Craig,2016-12-17 14:00:00,174.78,181.57890579636995,0.0,6.798905796369951
1,Rat_office_Craig,2016-12-17 15:00:00,182.23,182.39209770590966,0.0,0.1620977059096731
1,Rat_office_Craig,2016-12-17 16:00:00,186.27,183.0704620755695,0.0,3.1995379244305013
1,Rat_office_Craig,2016-12-17 17:00:00,184.54,179.76032989142033,0.0,4.779670108579666
1,Rat_office_Craig,2016-12-17 18:00:00,203.76,198.9242680489963,0.0,4.83573195100368
1,Rat_office_Craig,2016-12-17 19:00:00,205.98,202.097891818745,0.0,3.882108181254978
1,Rat_office_Craig,2016-12-17 20:00:00,200.08,198.66948147388504,0.0,1.41051852611497
1,Rat_office_Craig,2016-12-17 21:00:00,198.19,202.48559409478563,0.0,4.295594094785628
1,Rat_office_Craig,2016-12-17 22:00:00,196.4,194.84058376128814,0.0,1.5594162387118615
1,Rat_office_Craig,2016-12-17 23:00:00,196.72,190.52257354000815,0.0,6.197426459991846
2,Hog_parking_Antoinette,2016-12-24 00:00:00,15.0,18.20532831053341,0.0,3.2053283105334103
2,Hog_parking_Antoinette,2016-12-24 01:00:00,15.0,18.444918387005973,0.0,3.4449183870059734
2,Hog_parking_Antoinette,2016-12-24 02:00:00,15.0,18.005804580554457,0.0,3.0058045805544573
2,Hog_parking_Antoinette,2016-12-24 03:00:00,15.0,16.84225430422612,0.0,1.8422543042261204
2,Hog_parking_Antoinette,2016-12-24 04:00:00,14.0,17.89543114493166,0.0,3.89543114493166
2,Hog_parking_Antoinette,2016-12-24 05:00:00,15.2,19.133113939535466,0.0,3.933113939535467
2,Hog_parking_Antoinette,2016-12-24 06:00:00,16.4,19.183456997189182,0.0,2.783456997189184
2,Hog_parking_Antoinette,2016-12-24 07:00:00,17.6,26.702860504433243,0.0,9.102860504433242
2,Hog_parking_Antoinette,2016-12-24 08:00:00,18.8,29.25738291264675,0.0,10.45738291264675
2,Hog_parking_Antoinette,2016-12-24 09:00:00,20.0,28.853901650602136,0.0,8.853901650602136
2,Hog_parking_Antoinette,2016-12-24 10:00:00,18.0,28.689847639795687,0.0,10.689847639795687
2,Hog_parking_Antoinette,2016-12-24 11:00:00,17.0,29.515011847578293,0.0,12.515011847578293
2,Hog_parking_Antoinette,2016-12-24 12:00:00,16.333333333333332,29.10338160304301,0.0,12.77004826970968
2,Hog_parking_Antoinette,2016-12-24 13:00:00,15.666666666666666,29.720406122959666,0.0,14.053739456293
2,Hog_parking_Antoinette,2016-12-24 14:00:00,15.0,29.71424379433407,0.0,14.71424379433407
2,Hog_parking_Antoinette,2016-12-24 15:00:00,14.666666666666666,27.15972138612056,0.0,12.493054719453893
2,Hog_parking_Antoinette,2016-12-24 16:00:00,14.333333333333334,24.585666867559258,0.0,10.252333534225924
2,Hog_parking_Antoinette,2016-12-24 17:00:00,14.0,23.515335959076257,0.0,9.515335959076257
2,Hog_parking_Antoinette,2016-12-24 18:00:00,14.0,19.02964057927617,0.0,5.029640579276169
2,Hog_parking_Antoinette,2016-12-24 19:00:00,14.0,19.03540168288695,0.0,5.035401682886949
2,Hog_parking_Antoinette,2016-12-24 20:00:00,14.0,19.03540168288695,0.0,5.035401682886949
2,Hog_parking_Antoinette,2016-12-24 21:00:00,14.0,18.232390610962717,0.0,4.232390610962717
2,Hog_parking_Antoinette,2016-12-24 22:00:00,14.0,18.08933845695295,0.0,4.089338456952952
2,Hog_parking_Antoinette,2016-12-24 23:00:00,14.0,17.092881506099193,0.0,3.092881506099193
2,Fox_office_Vicki,2016-12-24 00:00:00,99.61,102.18631701523104,0.0,2.576317015231041
2,Fox_office_Vicki,2016-12-24 01:00:00,94.89,96.16492403782243,0.0,1.27492403782243
2,Fox_office_Vicki,2016-12-24 02:00:00,95.05,98.26612408394872,0.0,3.2161240839487277
2,Fox_office_Vicki,2016-12-24 03:00:00,96.2,97.72647108847227,0.0,1.5264710884722632
2,Fox_office_Vicki,2016-12-24 04:00:00,97.27,94.25404801904725,0.0,3.0159519809527495
2,Fox_office_Vicki,2016-12-24 05:00:00,98.01,99.33954216898192,0.0,1.3295421689819165
2,Fox_office_Vicki,2016-12-24 06:00:00,98.57,99.23611199836448,0.0,0.6661119983644852
2,Fox_office_Vicki,2016-12-24 07:00:00,99.26,101.77960392580714,0.0,2.5196039258071323
2,Fox_office_Vicki,2016-12-24 08:00:00,98.47,107.10861567457941,0.0,8.638615674579412
2,Fox_office_Vicki,2016-12-24 09:00:00,91.78,106.72139845208503,0.0,14.941398452085025
2,Fox_office_Vicki,2016-12-24 10:00:00,89.7,105.23036916947324,0.0,15.530369169473232
2,Fox_office_Vicki,2016-12-24 11:00:00,91.04,108.97560616052753,0.0,17.935606160527527
2,Fox_office_Vicki,2016-12-24 12:00:00,87.81,103.54686161756501,0.0,15.736861617565012
2,Fox_office_Vicki,2016-12-24 13:00:00,88.31,105.94200611261053,0.0,17.632006112610526
2,Fox_office_Vicki,2016-12-24 14:00:00,90.2,110.64972483682831,0.0,20.44972483682831
2,Fox_office_Vicki,2016-12-24 15:00:00,98.23,111.15572014281078,0.0,12.925720142810775
2,Fox_office_Vicki,2016-12-24 16:00:00,97.62,104.93584931172849,0.0,7.315849311728485
2,Fox_office_Vicki,2016-12-24 17:00:00,92.11,100.91023667752302,0.0,8.800236677523017
2,Fox_office_Vicki,2016-12-24 18:00:00,96.9,94.38202308032632,0.0,2.5179769196736856
2,Fox_office_Vicki,2016-12-24 19:00:00,98.21,96.96627354543376,0.0,1.2437264545662288
2,Fox_office_Vicki,2016-12-24 20:00:00,101.43,97.34195567031132,0.0,4.088044329688685
2,Fox_office_Vicki,2016-12-24 21:00:00,102.0,96.7717672363627,0.0,5.228232763637294
2,Fox_office_Vicki,2016-12-24 22:00:00,98.7,100.71151526613593,0.0,2.0115152661359303
2,Fox_office_Vicki,2016-12-24 23:00:00,101.68,100.18567738321221,0.0,1.494322616787798
2,Fox_office_Joy,2016-12-24 00:00:00,125.79,136.76880655388248,0.0,10.978806553882478
2,Fox_office_Joy,2016-12-24 01:00:00,124.26,121.72109243915662,0.0,2.538907560843384
2,Fox_office_Joy,2016-12-24 02:00:00,128.73,130.17072562141266,0.0,1.4407256214126676
2,Fox_office_Joy,2016-12-24 03:00:00,127.92,129.3219075236457,0.0,1.4019075236457041
2,Fox_office_Joy,2016-12-24 04:00:00,126.57,128.7622879368429,0.0,2.1922879368429165
2,Fox_office_Joy,2016-12-24 05:00:00,124.22,128.69551475606593,0.0,4.475514756065934
2,Fox_office_Joy,2016-12-24 06:00:00,124.58,126.98718782919579,0.0,2.4071878291957916
2,Fox_office_Joy,2016-12-24 07:00:00,125.78,130.4020839675826,0.0,4.622083967582597
2,Fox_office_Joy,2016-12-24 08:00:00,122.15,134.56616400104784,0.0,12.416164001047832
2,Fox_office_Joy,2016-12-24 09:00:00,124.4,144.12943423759327,0.0,19.729434237593267
2,Fox_office_Joy,2016-12-24 10:00:00,126.54,146.75682491568364,0.0,20.21682491568363
2,Fox_office_Joy,2016-12-24 11:00:00,125.58,148.97469101454686,0.0,23.394691014546865
2,Fox_office_Joy,2016-12-24 12:00:00,129.55,151.02116355920657,0.0,21.47116355920656
2,Fox_office_Joy,2016-12-24 13:00:00,127.29,152.12880334840253,0.0,24.83880334840252
2,Fox_office_Joy,2016-12-24 14:00:00,125.04,149.9041610800834,0.0,24.864161080083406
2,Fox_office_Joy,2016-12-24 15:00:00,121.23,148.6870766218386,0.0,27.457076621838596
2,Fox_office_Joy,2016-12-24 16:00:00,122.18,147.8577355142991,0.0,25.677735514299087
2,Fox_office_Joy,2016-12-24 17:00:00,123.74,145.45544614446274,0.0,21.715446144462746
2,Fox_office_Joy,2016-12-24 18:00:00,132.18,145.04147956921486,0.0,12.86147956921485
2,Fox_office_Joy,2016-12-24 19:00:00,132.94,142.66973578453093,0.0,9.72973578453093
2,Fox_office_Joy,2016-12-24 20:00:00,133.94,141.33706257773306,0.0,7.397062577733067
2,Fox_office_Joy,2016-12-24 21:00:00,131.79,137.64671856672734,0.0,5.856718566727352
2,Fox_office_Joy,2016-12-24 22:00:00,130.08,136.47652438437277,0.0,6.3965243843727535
2,Fox_office_Joy,2016-12-24 23:00:00,128.71,137.19856104331893,0.0,8.488561043318924
2,Hog_services_Marshall,2016-12-24 00:00:00,49.44600000000001,56.84336256154459,0.0,7.3973625615445755
2,Hog_services_Marshall,2016-12-24 01:00:00,49.022,55.85778185876896,0.0,6.835781858768961
2,Hog_services_Marshall,2016-12-24 02:00:00,49.404,55.235647557523464,0.0,5.8316475575234605
2,Hog_services_Marshall,2016-12-24 03:00:00,49.008,60.53596215855261,0.0,11.527962158552604
2,Hog_services_Marshall,2016-12-24 04:00:00,49.37,55.816097033779926,0.0,6.446097033779928
2,Hog_services_Marshall,2016-12-24 05:00:00,49.591,55.816097033779926,0.0,6.2250970337799245
2,Hog_services_Marshall,2016-12-24 06:00:00,49.569,55.82980119133707,0.0,6.260801191337066
2,Hog_services_Marshall,2016-12-24 07:00:00,50.519,55.40820551409907,0.0,4.889205514099075
2,Hog_services_Marshall,2016-12-24 08:00:00,49.49100000000001,55.21627721479491,0.0,5.7252772147949
2,Hog_services_Marshall,2016-12-24 09:00:00,50.113,54.950486673496606,0.0,4.837486673496606
2,Hog_services_Marshall,2016-12-24 10:00:00,48.771,53.446760792325314,0.0,4.675760792325313
2,Hog_services_Marshall,2016-12-24 11:00:00,48.592,54.722174673703016,0.0,6.130174673703017
2,Hog_services_Marshall,2016-12-24 12:00:00,48.341,54.781558210337174,0.0,6.440558210337173
2,Hog_services_Marshall,2016-12-24 13:00:00,48.11600000000001,55.26039333674769,0.0,7.144393336747683
2,Hog_services_Marshall,2016-12-24 14:00:00,48.524,55.315007698473046,0.0,6.791007698473045
2,Hog_services_Marshall,2016-12-24 15:00:00,49.639,54.90675126545281,0.0,5.267751265452809
2,Hog_services_Marshall,2016-12-24 16:00:00,49.34,54.05729770988249,0.0,4.717297709882487
2,Hog_services_Marshall,2016-12-24 17:00:00,49.789,58.32014646388732,0.0,8.531146463887318
2,Hog_services_Marshall,2016-12-24 18:00:00,49.709,58.17233486746667,0.0,8.463334867466664
2,Hog_services_Marshall,2016-12-24 19:00:00,50.381,58.77812382873675,0.0,8.397123828736753
2,Hog_services_Marshall,2016-12-24 20:00:00,49.981,58.77812382873675,0.0,8.797123828736751
2,Hog_services_Marshall,2016-12-24 21:00:00,50.402,58.53070456817974,0.0,8.128704568179742
2,Hog_services_Marshall,2016-12-24 22:00:00,50.084,58.867788396027564,0.0,8.78378839602756
2,Hog_services_Marshall,2016-12-24 23:00:00,49.603,58.551725814425374,0.0,8.948725814425373
2,Bull_office_Ella,2016-12-24 00:00:00,82.0,161.90985088359827,0.0,79.90985088359827
2,Bull_office_Ella,2016-12-24 01:00:00,80.0,228.62105248707917,0.0,148.62105248707917
2,Bull_office_Ella,2016-12-24 02:00:00,79.0,194.2101729573756,0.0,115.21017295737559
2,Bull_office_Ella,2016-12-24 03:00:00,82.0,141.4387227137016,0.0,59.438722713701594
2,Bull_office_Ella,2016-12-24 04:00:00,80.0,141.85610086966602,0.0,61.85610086966602
2,Bull_office_Ella,2016-12-24 05:00:00,78.0,81.26833623235771,0.0,3.2683362323577114
2,Bull_office_Ella,2016-12-24 06:00:00,81.0,91.91447095210991,0.0,10.914470952109909
2,Bull_office_Ella,2016-12-24 07:00:00,78.0,79.13730254360661,0.0,1.1373025436066087
2,Bull_office_Ella,2016-12-24 08:00:00,67.0,65.24665475390069,0.0,1.7533452460993146
2,Bull_office_Ella,2016-12-24 09:00:00,56.0,56.55806631733969,0.0,0.5580663173396871
2,Bull_office_Ella,2016-12-24 10:00:00,55.0,54.74482942009348,0.0,0.2551705799065189
2,Bull_office_Ella,2016-12-24 11:00:00,56.0,54.546978184824376,0.0,1.4530218151756245
2,Bull_office_Ella,2016-12-24 12:00:00,57.0,54.93050503142429,0.0,2.069494968575711
2,Bull_office_Ella,2016-12-24 13:00:00,57.0,54.12535146829874,0.0,2.8746485317012613
2,Bull_office_Ella,2016-12-24 14:00:00,57.0,54.181234447123124,0.0,2.818765552876876
2,Bull_office_Ella,2016-12-24 15:00:00,57.0,68.11558310546185,0.0,11.115583105461852
2,Bull_office_Ella,2016-12-24 16:00:00,56.0,70.41662108746713,0.0,14.416621087467135
2,Bull_office_Ella,2016-12-24 17:00:00,53.0,67.82145039674161,0.0,14.82145039674161
2,Bull_office_Ella,2016-12-24 18:00:00,55.0,70.4593746398808,0.0,15.459374639880807
2,Bull_office_Ella,2016-12-24 19:00:00,59.0,72.08908601775192,0.0,13.089086017751924
2,Bull_office_Ella,2016-12-24 20:00:00,78.0,105.56011559841305,0.0,27.56011559841305
2,Bull_office_Ella,2016-12-24 21:00:00,77.33333333333333,106.83890038357673,0.0,29.5055670502434
2,Bull_office_Ella,2016-12-24 22:00:00,76.66666666666667,93.92849819678337,0.0,17.261831530116694
2,Bull_office_Ella,2016-12-24 23:00:00,76.0,111.35529091980828,0.0,35.35529091980828
2,Fox_education_Elvira,2016-12-24 00:00:00,128.45,120.32761039064405,0.0,8.122389609355935
2,Fox_education_Elvira,2016-12-24 01:00:00,125.71,118.1135213277941,0.0,7.59647867220589
2,Fox_education_Elvira,2016-12-24 02:00:00,131.65,117.60524014613395,0.0,14.044759853866054
2,Fox_education_Elvira,2016-12-24 03:00:00,133.77,117.71668029715417,0.0,16.05331970284584
2,Fox_education_Elvira,2016-12-24 04:00:00,138.24,115.1884533464717,0.0,23.051546653528305
2,Fox_education_Elvira,2016-12-24 05:00:00,250.78,178.6132441393839,0.0,72.16675586061609
2,Fox_education_Elvira,2016-12-24 06:00:00,298.32,238.60292425203022,0.0,59.71707574796977
2,Fox_education_Elvira,2016-12-24 07:00:00,312.5,250.25656038585905,0.0,62.243439614140954
2,Fox_education_Elvira,2016-12-24 08:00:00,280.68,235.83220255135467,0.0,44.84779744864534
2,Fox_education_Elvira,2016-12-24 09:00:00,279.26,233.56543673083112,0.0,45.69456326916887
2,Fox_education_Elvira,2016-12-24 10:00:00,264.97,215.2665740688221,0.0,49.70342593117792
2,Fox_education_Elvira,2016-12-24 11:00:00,238.49,203.80327788195103,0.0,34.686722118048976
2,Fox_education_Elvira,2016-12-24 12:00:00,220.17,204.7541661607939,0.0,15.415833839206101
2,Fox_education_Elvira,2016-12-24 13:00:00,194.37,202.71502360716238,0.0,8.345023607162375
2,Fox_education_Elvira,2016-12-24 14:00:00,189.62,190.2713171484242,0.0,0.651317148424198
2,Fox_education_Elvira,2016-12-24 15:00:00,263.91,172.23398552624477,0.0,91.67601447375526
2,Fox_education_Elvira,2016-12-24 16:00:00,318.8,170.83691679493404,0.0,147.96308320506597
2,Fox_education_Elvira,2016-12-24 17:00:00,311.5,179.32692033505552,0.0,132.17307966494448
2,Fox_education_Elvira,2016-12-24 18:00:00,323.0,181.7850018355611,0.0,141.2149981644389
2,Fox_education_Elvira,2016-12-24 19:00:00,317.28,172.6429719642045,0.0,144.63702803579548
2,Fox_education_Elvira,2016-12-24 20:00:00,319.17,175.3158125505514,0.0,143.8541874494486
2,Fox_education_Elvira,2016-12-24 21:00:00,202.47,135.74999415899634,0.0,66.72000584100365
2,Fox_education_Elvira,2016-12-24 22:00:00,161.11,124.69610813941019,0.0,36.41389186058983
2,Fox_education_Elvira,2016-12-24 23:00:00,159.09,129.03391600653129,0.0,30.056083993468718
2,Bull_office_Sally,2016-12-24 00:00:00,48.0,87.78363403246613,0.0,39.783634032466125
2,Bull_office_Sally,2016-12-24 01:00:00,49.0,120.35907914329034,0.0,71.35907914329034
2,Bull_office_Sally,2016-12-24 02:00:00,50.0,81.40391941531715,0.0,31.403919415317148
2,Bull_office_Sally,2016-12-24 03:00:00,51.0,41.49186208651084,0.0,9.508137913489158
2,Bull_office_Sally,2016-12-24 04:00:00,47.0,39.23920283020955,0.0,7.76079716979045
2,Bull_office_Sally,2016-12-24 05:00:00,48.0,48.83176381557415,0.0,0.8317638155741491
2,Bull_office_Sally,2016-12-24 06:00:00,53.0,61.596831840311175,0.0,8.596831840311175
2,Bull_office_Sally,2016-12-24 07:00:00,49.0,76.71753658303321,0.0,27.71753658303321
2,Bull_office_Sally,2016-12-24 08:00:00,48.0,107.95641075536824,0.0,59.95641075536824
2,Bull_office_Sally,2016-12-24 09:00:00,43.0,100.11456974120526,0.0,57.11456974120526
2,Bull_office_Sally,2016-12-24 10:00:00,46.0,59.39694914089863,0.0,13.396949140898627
2,Bull_office_Sally,2016-12-24 11:00:00,72.0,75.27822645499194,0.0,3.2782264549919375
2,Bull_office_Sally,2016-12-24 12:00:00,66.4,70.97580248560202,0.0,4.575802485602011
2,Bull_office_Sally,2016-12-24 13:00:00,60.8,67.43549318380443,0.0,6.635493183804428
2,Bull_office_Sally,2016-12-24 14:00:00,55.2,84.0573061376577,0.0,28.8573061376577
2,Bull_office_Sally,2016-12-24 15:00:00,49.6,86.0005206902019,0.0,36.400520690201894
2,Bull_office_Sally,2016-12-24 16:00:00,44.0,88.16067707157401,0.0,44.160677071574014
2,Bull_office_Sally,2016-12-24 17:00:00,50.0,84.14700241726281,0.0,34.14700241726281
2,Bull_office_Sally,2016-12-24 18:00:00,57.0,91.39956869395807,0.0,34.399568693958074
2,Bull_office_Sally,2016-12-24 19:00:00,51.0,89.52708668698155,0.0,38.52708668698155
2,Bull_office_Sally,2016-12-24 20:00:00,51.25,86.63561864057876,0.0,35.385618640578755
2,Bull_office_Sally,2016-12-24 21:00:00,51.5,85.35381461129464,0.0,33.85381461129464
2,Bull_office_Sally,2016-12-24 22:00:00,51.75,81.30689417352465,0.0,29.556894173524654
2,Bull_office_Sally,2016-12-24 23:00:00,52.0,82.42241365783978,0.0,30.422413657839783
2,Fox_education_Charles,2016-12-24 00:00:00,9.52,8.620660882387252,0.0,0.8993391176127474
2,Fox_education_Charles,2016-12-24 01:00:00,9.47,8.730147971426415,0.0,0.7398520285735852
2,Fox_education_Charles,2016-12-24 02:00:00,9.44,8.709717229446209,0.0,0.7302827705537904
2,Fox_education_Charles,2016-12-24 03:00:00,9.45,8.543129275789173,0.0,0.906870724210826
2,Fox_education_Charles,2016-12-24 04:00:00,9.41,8.524757995047878,0.0,0.8852420049521221
2,Fox_education_Charles,2016-12-24 05:00:00,9.37,8.524757995047878,0.0,0.8452420049521212
2,Fox_education_Charles,2016-12-24 06:00:00,9.33,9.893318492741356,0.0,0.5633184927413559
2,Fox_education_Charles,2016-12-24 07:00:00,8.79,9.612259561430468,0.0,0.8222595614304691
2,Fox_education_Charles,2016-12-24 08:00:00,8.23,9.612259561430468,0.0,1.3822595614304678
2,Fox_education_Charles,2016-12-24 09:00:00,8.6,9.612259561430468,0.0,1.0122595614304686
2,Fox_education_Charles,2016-12-24 10:00:00,8.31,9.311467993603015,0.0,1.0014679936030149
2,Fox_education_Charles,2016-12-24 11:00:00,8.07,9.314966756556952,0.0,1.244966756556952
2,Fox_education_Charles,2016-12-24 12:00:00,8.6,9.483628921749487,0.0,0.8836289217494873
2,Fox_education_Charles,2016-12-24 13:00:00,8.61,8.603516631542035,0.0,0.006483368457963934
2,Fox_education_Charles,2016-12-24 14:00:00,8.31,9.517841111616429,0.0,1.2078411116164283
2,Fox_education_Charles,2016-12-24 15:00:00,8.79,8.637824703442622,0.0,0.1521752965573775
2,Fox_education_Charles,2016-12-24 16:00:00,8.35,9.058590929653004,0.0,0.7085909296530044
2,Fox_education_Charles,2016-12-24 17:00:00,8.42,9.058590929653004,0.0,0.6385909296530041
2,Fox_education_Charles,2016-12-24 18:00:00,9.32,9.771306766585099,0.0,0.4513067665850983
2,Fox_education_Charles,2016-12-24 19:00:00,8.97,10.281532096910407,0.0,1.3115320969104065
2,Fox_education_Charles,2016-12-24 20:00:00,8.95,10.053010672022527,0.0,1.1030106720225277
2,Fox_education_Charles,2016-12-24 21:00:00,8.96,10.071381952763822,0.0,1.1113819527638213
2,Fox_education_Charles,2016-12-24 22:00:00,8.86,10.097715657924292,0.0,1.2377156579242925
2,Fox_education_Charles,2016-12-24 23:00:00,8.95,9.403443672322432,0.0,0.45344367232243243
2,Bear_education_Chad,2016-12-24 00:00:00,870.6159,843.2120715915217,0.0,27.40382840847826
2,Bear_education_Chad,2016-12-24 01:00:00,849.2345,839.2151820854968,0.0,10.019317914503176
2,Bear_education_Chad,2016-12-24 02:00:00,855.57,835.5906221403943,0.0,19.979377859605734
2,Bear_education_Chad,2016-12-24 03:00:00,848.2439,839.5994237669133,0.0,8.64447623308672
2,Bear_education_Chad,2016-12-24 04:00:00,847.9154,837.4082950652461,0.0,10.507104934753897
2,Bear_education_Chad,2016-12-24 05:00:00,859.2133,869.5759355049956,0.0,10.362635504995637
2,Bear_education_Chad,2016-12-24 06:00:00,868.8745,884.1120422716255,0.0,15.237542271625443
2,Bear_education_Chad,2016-12-24 07:00:00,868.9184,898.3326316215065,0.0,29.414231621506474
2,Bear_education_Chad,2016-12-24 08:00:00,888.1851,889.1752055661276,0.0,0.9901055661275677
2,Bear_education_Chad,2016-12-24 09:00:00,896.2891,919.0294087317477,0.0,22.740308731747746
2,Bear_education_Chad,2016-12-24 10:00:00,895.5237,910.6343084029318,0.0,15.110608402931803
2,Bear_education_Chad,2016-12-24 11:00:00,909.977,917.5604647629712,0.0,7.583464762971175
2,Bear_education_Chad,2016-12-24 12:00:00,923.9293,927.936645216907,0.0,4.00734521690697
2,Bear_education_Chad,2016-12-24 13:00:00,900.7439,928.9702706976083,0.0,28.226370697608218
2,Bear_education_Chad,2016-12-24 14:00:00,896.2705,920.2879999526103,0.0,24.017499952610365
2,Bear_education_Chad,2016-12-24 15:00:00,899.8489,918.6657470723759,0.0,18.816847072375936
2,Bear_education_Chad,2016-12-24 16:00:00,913.2398,906.197052934824,0.0,7.042747065175945
2,Bear_education_Chad,2016-12-24 17:00:00,882.0706,858.6343268970771,0.0,23.436273102922883
2,Bear_education_Chad,2016-12-24 18:00:00,873.5404,871.8277172620263,0.0,1.712682737973637
2,Bear_education_Chad,2016-12-24 19:00:00,816.8189,868.2553380842487,0.0,51.43643808424872
2,Bear_education_Chad,2016-12-24 20:00:00,786.5853,869.0999923168881,0.0,82.51469231688816
2,Bear_education_Chad,2016-12-24 21:00:00,776.452,855.0313042625036,0.0,78.57930426250357
2,Bear_education_Chad,2016-12-24 22:00:00,772.6777,854.1344100589404,0.0,81.45671005894042
2,Bear_education_Chad,2016-12-24 23:00:00,811.1388,842.4538026626292,0.0,31.31500266262924
2,Rat_office_Lora,2016-12-24 00:00:00,203.62,219.1450064931939,0.0,15.5250064931939
2,Rat_office_Lora,2016-12-24 01:00:00,207.64,225.7360098611155,0.0,18.096009861115505
2,Rat_office_Lora,2016-12-24 02:00:00,206.89,259.0366171393578,0.0,52.14661713935783
2,Rat_office_Lora,2016-12-24 03:00:00,209.08,242.19293449183962,0.0,33.11293449183961
2,Rat_office_Lora,2016-12-24 04:00:00,203.99,259.35503540839954,0.0,55.365035408399535
2,Rat_office_Lora,2016-12-24 05:00:00,232.09,263.21406777815264,0.0,31.124067778152636
2,Rat_office_Lora,2016-12-24 06:00:00,233.77,288.8884354898076,0.0,55.11843548980758
2,Rat_office_Lora,2016-12-24 07:00:00,233.95,293.6033558618598,0.0,59.653355861859836
2,Rat_office_Lora,2016-12-24 08:00:00,244.03,303.49655635451904,0.0,59.46655635451904
2,Rat_office_Lora,2016-12-24 09:00:00,260.05,336.98115767764085,0.0,76.93115767764084
2,Rat_office_Lora,2016-12-24 10:00:00,256.32,334.4415612334368,0.0,78.12156123343681
2,Rat_office_Lora,2016-12-24 11:00:00,248.53,331.26570374754505,0.0,82.73570374754505
2,Rat_office_Lora,2016-12-24 12:00:00,238.74,328.66208340129907,0.0,89.92208340129906
2,Rat_office_Lora,2016-12-24 13:00:00,242.22,322.12256065136216,0.0,79.90256065136217
2,Rat_office_Lora,2016-12-24 14:00:00,235.51,316.38916246464964,0.0,80.87916246464965
2,Rat_office_Lora,2016-12-24 15:00:00,239.07,311.1178326524667,0.0,72.0478326524667
2,Rat_office_Lora,2016-12-24 16:00:00,238.54,304.09609561956046,0.0,65.55609561956047
2,Rat_office_Lora,2016-12-24 17:00:00,228.78,218.94186427648515,0.0,9.838135723514853
2,Rat_office_Lora,2016-12-24 18:00:00,230.66,240.45495823709015,0.0,9.794958237090157
2,Rat_office_Lora,2016-12-24 19:00:00,225.02,247.69119241904156,0.0,22.671192419041546
2,Rat_office_Lora,2016-12-24 20:00:00,230.63,249.777867638238,0.0,19.14786763823801
2,Rat_office_Lora,2016-12-24 21:00:00,227.32,246.2643299749296,0.0,18.944329974929616
2,Rat_office_Lora,2016-12-24 22:00:00,231.81,247.59851995608278,0.0,15.78851995608278
2,Rat_office_Lora,2016-12-24 23:00:00,216.23,225.1596949943922,0.0,8.929694994392207
2,Rat_office_Adele,2016-12-24 00:00:00,214.56,238.9763567480962,0.0,24.416356748096206
2,Rat_office_Adele,2016-12-24 01:00:00,241.72,284.05289216662214,0.0,42.332892166622145
2,Rat_office_Adele,2016-12-24 02:00:00,219.54,307.5344399615768,0.0,87.99443996157683
2,Rat_office_Adele,2016-12-24 03:00:00,242.27,302.54487327300814,0.0,60.274873273008126
2,Rat_office_Adele,2016-12-24 04:00:00,225.93,344.64261174724095,0.0,118.71261174724094
2,Rat_office_Adele,2016-12-24 05:00:00,260.69,294.1539254347239,0.0,33.463925434723876
2,Rat_office_Adele,2016-12-24 06:00:00,278.05,326.8256360583118,0.0,48.77563605831176
2,Rat_office_Adele,2016-12-24 07:00:00,267.26,306.8027770693136,0.0,39.542777069313615
2,Rat_office_Adele,2016-12-24 08:00:00,273.6,324.16579810915954,0.0,50.565798109159516
2,Rat_office_Adele,2016-12-24 09:00:00,272.38,305.7131670517245,0.0,33.3331670517245
2,Rat_office_Adele,2016-12-24 10:00:00,291.39,296.56445395927346,0.0,5.174453959273478
2,Rat_office_Adele,2016-12-24 11:00:00,265.55,288.7252984881244,0.0,23.175298488124383
2,Rat_office_Adele,2016-12-24 12:00:00,284.52,276.31009431150466,0.0,8.209905688495326
2,Rat_office_Adele,2016-12-24 13:00:00,254.27,282.86190753950257,0.0,28.591907539502557
2,Rat_office_Adele,2016-12-24 14:00:00,275.01,274.13439340448167,0.0,0.8756065955183203
2,Rat_office_Adele,2016-12-24 15:00:00,256.56,272.3341718145658,0.0,15.774171814565818
2,Rat_office_Adele,2016-12-24 16:00:00,258.64,252.47286617639963,0.0,6.167133823600352
2,Rat_office_Adele,2016-12-24 17:00:00,246.24,265.2725826810485,0.0,19.032582681048495
2,Rat_office_Adele,2016-12-24 18:00:00,252.5,232.78702464899754,0.0,19.712975351002456
2,Rat_office_Adele,2016-12-24 19:00:00,230.29,239.03174237165996,0.0,8.741742371659967
2,Rat_office_Adele,2016-12-24 20:00:00,233.52,267.26057054708053,0.0,33.74057054708052
2,Rat_office_Adele,2016-12-24 21:00:00,239.72,291.36809043588687,0.0,51.64809043588687
2,Rat_office_Adele,2016-12-24 22:00:00,227.89,298.10166027963555,0.0,70.21166027963557
2,Rat_office_Adele,2016-12-24 23:00:00,248.43,303.65242271719785,0.0,55.222422717197844
2,Rat_assembly_Kelley,2016-12-24 00:00:00,5.44,4.707182828426358,0.0,0.7328171715736422
2,Rat_assembly_Kelley,2016-12-24 01:00:00,5.64,6.591074653133159,0.0,0.9510746531331593
2,Rat_assembly_Kelley,2016-12-24 02:00:00,5.48,6.570360818989816,0.0,1.090360818989816
2,Rat_assembly_Kelley,2016-12-24 03:00:00,5.72,6.40377286533278,0.0,0.6837728653327799
2,Rat_assembly_Kelley,2016-12-24 04:00:00,5.44,6.3854015845914835,0.0,0.9454015845914832
2,Rat_assembly_Kelley,2016-12-24 05:00:00,5.76,6.3854015845914835,0.0,0.6254015845914838
2,Rat_assembly_Kelley,2016-12-24 06:00:00,5.8,5.905763071892152,0.0,0.10576307189215228
2,Rat_assembly_Kelley,2016-12-24 07:00:00,6.32,5.645245069183138,0.0,0.6747549308168619
2,Rat_assembly_Kelley,2016-12-24 08:00:00,5.48,3.8708403335155164,0.0,1.609159666484484
2,Rat_assembly_Kelley,2016-12-24 09:00:00,5.1866666666666665,3.8708403335155164,0.0,1.3158263331511502
2,Rat_assembly_Kelley,2016-12-24 10:00:00,4.8933333333333335,3.7590337193294814,0.0,1.1342996140038522
2,Rat_assembly_Kelley,2016-12-24 11:00:00,4.6,3.762815574446554,0.0,0.8371844255534455
2,Rat_assembly_Kelley,2016-12-24 12:00:00,4.48,3.7690864205321915,0.0,0.710913579467809
2,Rat_assembly_Kelley,2016-12-24 13:00:00,4.28,3.7508051046737805,0.0,0.5291948953262198
2,Rat_assembly_Kelley,2016-12-24 14:00:00,4.24,3.785113176574366,0.0,0.454886823425634
2,Rat_assembly_Kelley,2016-12-24 15:00:00,4.2,3.785113176574366,0.0,0.414886823425634
2,Rat_assembly_Kelley,2016-12-24 16:00:00,4.96,4.0168944491433285,0.0,0.9431055508566715
2,Rat_assembly_Kelley,2016-12-24 17:00:00,4.44,5.791299184810952,0.0,1.3512991848109515
2,Rat_assembly_Kelley,2016-12-24 18:00:00,5.04,5.790654210684414,0.0,0.7506542106844138
2,Rat_assembly_Kelley,2016-12-24 19:00:00,5.2,6.026659759958122,0.0,0.8266597599581216
2,Rat_assembly_Kelley,2016-12-24 20:00:00,5.359999999999999,6.026659759958122,0.0,0.6666597599581223
2,Rat_assembly_Kelley,2016-12-24 21:00:00,5.52,4.270626305031796,0.0,1.2493736949682033
2,Rat_assembly_Kelley,2016-12-24 22:00:00,5.72,4.296960010192269,0.0,1.423039989807731
2,Rat_assembly_Kelley,2016-12-24 23:00:00,5.8,4.3299699914655365,0.0,1.4700300085344633
2,Rat_public_Julieann,2016-12-24 00:00:00,1.2733333333333334,1.25561276392013,0.0,0.017720569413203435
2,Rat_public_Julieann,2016-12-24 01:00:00,1.27,1.3650998529593001,0.0,0.09509985295930012
2,Rat_public_Julieann,2016-12-24 02:00:00,1.2666666666666666,1.3443860188159573,0.0,0.07771935214929071
2,Rat_public_Julieann,2016-12-24 03:00:00,1.2633333333333334,1.212298977465007,0.0,0.051034355868326386
2,Rat_public_Julieann,2016-12-24 04:00:00,1.26,1.212298977465007,0.0,0.047701022534992976
2,Rat_public_Julieann,2016-12-24 05:00:00,1.25,1.1096632137495424,0.0,0.14033678625045765
2,Rat_public_Julieann,2016-12-24 06:00:00,1.198,1.1096632137495424,0.0,0.0883367862504576
2,Rat_public_Julieann,2016-12-24 07:00:00,1.146,0.7954034629747249,0.0,0.35059653702527505
2,Rat_public_Julieann,2016-12-24 08:00:00,1.094,0.7954034629747249,0.0,0.2985965370252752
2,Rat_public_Julieann,2016-12-24 09:00:00,1.042,0.7954034629747249,0.0,0.24659653702527518
2,Rat_public_Julieann,2016-12-24 10:00:00,0.99,0.791631711525647,0.0,0.19836828847435295
2,Rat_public_Julieann,2016-12-24 11:00:00,0.9483333333333334,0.705581800728249,0.0,0.2427515326050843
2,Rat_public_Julieann,2016-12-24 12:00:00,0.9066666666666666,0.7118526468138865,0.0,0.19481401985278013
2,Rat_public_Julieann,2016-12-24 13:00:00,0.865,0.693571330955476,0.0,0.17142866904452403
2,Rat_public_Julieann,2016-12-24 14:00:00,0.8233333333333334,0.7278794028560606,0.0,0.0954539304772728
2,Rat_public_Julieann,2016-12-24 15:00:00,0.7816666666666667,0.7278794028560606,0.0,0.05378726381060617
2,Rat_public_Julieann,2016-12-24 16:00:00,0.74,0.8516258126880669,0.0,0.11162581268806693
2,Rat_public_Julieann,2016-12-24 17:00:00,1.06,0.8516258126880669,0.0,0.20837418731193313
2,Rat_public_Julieann,2016-12-24 18:00:00,1.104,0.820707281515442,0.0,0.28329271848455806
2,Rat_public_Julieann,2016-12-24 19:00:00,1.148,1.1024111869528677,0.0,0.04558881304713225
2,Rat_public_Julieann,2016-12-24 20:00:00,1.1920000000000002,1.1922429528673386,0.0,0.0002429528673384418
2,Rat_public_Julieann,2016-12-24 21:00:00,1.236,1.3583530930928205,0.0,0.1223530930928205
2,Rat_public_Julieann,2016-12-24 22:00:00,1.28,1.3846867982532922,0.0,0.10468679825329219
2,Rat_public_Julieann,2016-12-24 23:00:00,1.2725,1.4176967795265603,0.0,0.1451967795265603
2,Bear_education_Lewis,2016-12-24 00:00:00,14.704545454545457,16.488489176389233,0.0,1.7839437218437766
2,Bear_education_Lewis,2016-12-24 01:00:00,14.681818181818182,17.177533073660047,0.0,2.4957148918418657
2,Bear_education_Lewis,2016-12-24 02:00:00,14.659090909090908,17.482756854728482,0.0,2.8236659456375737
2,Bear_education_Lewis,2016-12-24 03:00:00,14.636363636363637,17.40617837825936,0.0,2.769814741895722
2,Bear_education_Lewis,2016-12-24 04:00:00,14.613636363636363,17.80570818813899,0.0,3.1920718245026265
2,Bear_education_Lewis,2016-12-24 05:00:00,14.590909090909092,17.611744509204392,0.0,3.0208354182953006
2,Bear_education_Lewis,2016-12-24 06:00:00,14.568181818181818,17.08468134180722,0.0,2.5164995236254004
2,Bear_education_Lewis,2016-12-24 07:00:00,14.545454545454543,17.478205006439847,0.0,2.9327504609853037
2,Bear_education_Lewis,2016-12-24 08:00:00,14.522727272727272,18.32050432879442,0.0,3.797777056067149
2,Bear_education_Lewis,2016-12-24 09:00:00,14.5,18.469370535164163,0.0,3.9693705351641633
2,Bear_education_Lewis,2016-12-24 10:00:00,15.5,17.46607223198623,0.0,1.9660722319862316
2,Bear_education_Lewis,2016-12-24 11:00:00,15.25,17.757623735056367,0.0,2.5076237350563666
2,Bear_education_Lewis,2016-12-24 12:00:00,14.5,15.839307667908704,0.0,1.3393076679087041
2,Bear_education_Lewis,2016-12-24 13:00:00,14.583333333333334,16.379393504346467,0.0,1.7960601710131332
2,Bear_education_Lewis,2016-12-24 14:00:00,14.666666666666666,16.461886198452607,0.0,1.795219531785941
2,Bear_education_Lewis,2016-12-24 15:00:00,14.75,15.86213133489631,0.0,1.1121313348963096
2,Bear_education_Lewis,2016-12-24 16:00:00,15.0,16.489787793335744,0.0,1.4897877933357435
2,Bear_education_Lewis,2016-12-24 17:00:00,16.0,16.201638695021973,0.0,0.2016386950219733
2,Bear_education_Lewis,2016-12-24 18:00:00,16.2,15.029160962360898,0.0,1.1708390376391016
2,Bear_education_Lewis,2016-12-24 19:00:00,16.5,14.913743068437107,0.0,1.5862569315628932
2,Bear_education_Lewis,2016-12-24 20:00:00,16.25,15.107706747371704,0.0,1.1422932526282956
2,Bear_education_Lewis,2016-12-24 21:00:00,16.0,15.126078028113,0.0,0.8739219718870004
2,Bear_education_Lewis,2016-12-24 22:00:00,15.75,15.688540737746395,0.0,0.06145926225360476
2,Bear_education_Lewis,2016-12-24 23:00:00,15.5,15.51141029359567,0.0,0.01141029359567014
2,Rat_office_Randy,2016-12-24 00:00:00,80.28,109.85704100977223,0.0,29.57704100977223
2,Rat_office_Randy,2016-12-24 01:00:00,82.27,124.41277300357916,0.0,42.142773003579165
2,Rat_office_Randy,2016-12-24 02:00:00,81.57,110.36580166909371,0.0,28.79580166909372
2,Rat_office_Randy,2016-12-24 03:00:00,81.06,75.09644335923515,1.0,5.96355664076485
2,Rat_office_Randy,2016-12-24 04:00:00,80.81,75.07807207849386,1.0,5.731927921506141
2,Rat_office_Randy,2016-12-24 05:00:00,90.22,84.15770142771102,1.0,6.062298572288981
2,Rat_office_Randy,2016-12-24 06:00:00,89.54,85.90064813000532,1.0,3.639351869994684
2,Rat_office_Randy,2016-12-24 07:00:00,89.35,85.24533428285567,1.0,4.104665717144329
2,Rat_office_Randy,2016-12-24 08:00:00,87.93,89.73734786159129,1.0,1.807347861591282
2,Rat_office_Randy,2016-12-24 09:00:00,83.88,91.69260672948347,1.0,7.812606729483477
2,Rat_office_Randy,2016-12-24 10:00:00,84.08,90.72639563207605,1.0,6.64639563207605
2,Rat_office_Randy,2016-12-24 11:00:00,83.95,92.06682998345029,1.0,8.116829983450288
2,Rat_office_Randy,2016-12-24 12:00:00,84.19,92.07310082953593,1.0,7.883100829535934
2,Rat_office_Randy,2016-12-24 13:00:00,82.57,95.16094269150365,1.0,12.590942691503656
2,Rat_office_Randy,2016-12-24 14:00:00,82.29,95.56610900432983,1.0,13.276109004329825
2,Rat_office_Randy,2016-12-24 15:00:00,82.1,95.56610900432983,1.0,13.466109004329837
2,Rat_office_Randy,2016-12-24 16:00:00,81.94,96.19188976303819,1.0,14.251889763038193
2,Rat_office_Randy,2016-12-24 17:00:00,81.22,90.86676415670799,1.0,9.646764156707988
2,Rat_office_Randy,2016-12-24 18:00:00,88.28,90.07555715832562,1.0,1.7955571583256216
2,Rat_office_Randy,2016-12-24 19:00:00,88.55,89.8662471811985,1.0,1.3162471811985057
2,Rat_office_Randy,2016-12-24 20:00:00,87.91,88.90924453725913,1.0,0.9992445372591305
2,Rat_office_Randy,2016-12-24 21:00:00,76.5,77.60756937971703,1.0,1.1075693797170345
2,Rat_office_Randy,2016-12-24 22:00:00,76.59,77.61433113836716,1.0,1.0243311383671596
2,Rat_office_Randy,2016-12-24 23:00:00,77.54,76.26900537105091,1.0,1.2709946289490972
2,Rat_assembly_Pauline,2016-12-24 00:00:00,1.2466666666666666,1.1356246097129388,0.0,0.11104205695372782
2,Rat_assembly_Pauline,2016-12-24 01:00:00,1.2533333333333334,1.245111698752109,0.0,0.00822163458122449
2,Rat_assembly_Pauline,2016-12-24 02:00:00,1.26,1.1881819058833822,0.0,0.07181809411661777
2,Rat_assembly_Pauline,2016-12-24 03:00:00,1.2666666666666666,1.056094864532432,0.0,0.21057180213423465
2,Rat_assembly_Pauline,2016-12-24 04:00:00,1.2733333333333334,1.029685886688578,0.0,0.24364744664475535
2,Rat_assembly_Pauline,2016-12-24 05:00:00,1.28,1.029685886688578,0.0,0.25031411331142195
2,Rat_assembly_Pauline,2016-12-24 06:00:00,1.24,1.1256254998476274,0.0,0.1143745001523726
2,Rat_assembly_Pauline,2016-12-24 07:00:00,1.16,0.6607855240058821,0.0,0.49921447599411783
2,Rat_assembly_Pauline,2016-12-24 08:00:00,0.92,0.6607855240058821,0.0,0.25921447599411795
2,Rat_assembly_Pauline,2016-12-24 09:00:00,0.72,0.6607855240058821,0.0,0.05921447599411789
2,Rat_assembly_Pauline,2016-12-24 10:00:00,0.7,0.6570137725568036,0.0,0.042986227443196356
2,Rat_assembly_Pauline,2016-12-24 11:00:00,0.6799999999999999,0.7234205642431147,0.0,0.0434205642431148
2,Rat_assembly_Pauline,2016-12-24 12:00:00,0.66,0.7296914103287522,0.0,0.06969141032875215
2,Rat_assembly_Pauline,2016-12-24 13:00:00,0.64,0.7114100944703419,0.0,0.07141009447034186
2,Rat_assembly_Pauline,2016-12-24 14:00:00,0.6,0.7457181663709265,0.0,0.1457181663709265
2,Rat_assembly_Pauline,2016-12-24 15:00:00,0.56,0.7457181663709265,0.0,0.18571816637092642
2,Rat_assembly_Pauline,2016-12-24 16:00:00,0.76,0.8694645762029322,0.0,0.10946457620293215
2,Rat_assembly_Pauline,2016-12-24 17:00:00,0.92,0.8694645762029322,0.0,0.05053542379706788
2,Rat_assembly_Pauline,2016-12-24 18:00:00,1.04,0.8385460450303073,0.0,0.20145395496969276
2,Rat_assembly_Pauline,2016-12-24 19:00:00,0.0,1.074551594304016,0.0,1.074551594304016
2,Rat_assembly_Pauline,2016-12-24 20:00:00,1.12,1.2278577367285042,0.0,0.10785773672850407
2,Rat_assembly_Pauline,2016-12-24 21:00:00,1.12,1.2278577367285042,0.0,0.10785773672850407
2,Rat_assembly_Pauline,2016-12-24 22:00:00,1.12,1.254191441888976,0.0,0.1341914418889758
2,Rat_assembly_Pauline,2016-12-24 23:00:00,1.12,1.287201423162244,0.0,0.16720142316224385
2,Rat_office_Craig,2016-12-24 00:00:00,206.14,198.54515139547476,0.0,7.594848604525225
2,Rat_office_Craig,2016-12-24 01:00:00,207.0,198.94466487697824,0.0,8.055335123021763
2,Rat_office_Craig,2016-12-24 02:00:00,205.93,198.59100206699287,0.0,7.3389979330071355
2,Rat_office_Craig,2016-12-24 03:00:00,205.7,197.17020820860435,0.0,8.529791791395638
2,Rat_office_Craig,2016-12-24 04:00:00,203.19,198.93494721335122,0.0,4.2550527866487755
2,Rat_office_Craig,2016-12-24 05:00:00,202.83,196.85953251320248,0.0,5.970467486797531
2,Rat_office_Craig,2016-12-24 06:00:00,201.98,196.2290053351033,0.0,5.7509946648966945
2,Rat_office_Craig,2016-12-24 07:00:00,204.14,193.6028847838644,0.0,10.53711521613559
2,Rat_office_Craig,2016-12-24 08:00:00,195.35,180.98070143373315,0.0,14.369298566266849
2,Rat_office_Craig,2016-12-24 09:00:00,184.66,183.676489252158,0.0,0.98351074784199
2,Rat_office_Craig,2016-12-24 10:00:00,191.03,185.14023233715278,0.0,5.88976766284722
2,Rat_office_Craig,2016-12-24 11:00:00,195.47,185.56415681206963,0.0,9.905843187930373
2,Rat_office_Craig,2016-12-24 12:00:00,196.09,180.95927613116132,0.0,15.130723868838686
2,Rat_office_Craig,2016-12-24 13:00:00,199.24,178.6811274970545,0.0,20.55887250294552
2,Rat_office_Craig,2016-12-24 14:00:00,195.19,182.2522333978878,0.0,12.937766602112191
2,Rat_office_Craig,2016-12-24 15:00:00,194.72,186.13839626915546,0.0,8.581603730844535
2,Rat_office_Craig,2016-12-24 16:00:00,188.47,188.7290734740039,0.0,0.25907347400391245
2,Rat_office_Craig,2016-12-24 17:00:00,183.52,185.7086261823384,0.0,2.188626182338396
2,Rat_office_Craig,2016-12-24 18:00:00,200.44,200.21034627918644,0.0,0.22965372081355895
2,Rat_office_Craig,2016-12-24 19:00:00,204.79,206.38166909047956,0.0,1.59166909047957
2,Rat_office_Craig,2016-12-24 20:00:00,203.94,203.6261604399061,0.0,0.31383956009389635
2,Rat_office_Craig,2016-12-24 21:00:00,202.65,203.8351859435692,0.0,1.185185943569195
2,Rat_office_Craig,2016-12-24 22:00:00,200.44,202.82377812076348,0.0,2.3837781207634805
2,Rat_office_Craig,2016-12-24 23:00:00,201.96,203.77462499108609,0.0,1.8146249910860774
3,Hog_parking_Antoinette,2016-12-31 00:00:00,14.88888888888889,17.69980876863927,1.0,2.8109198797503794
3,Hog_parking_Antoinette,2016-12-31 01:00:00,14.666666666666666,18.15777328570929,1.0,3.4911066190426236
3,Hog_parking_Antoinette,2016-12-31 02:00:00,14.444444444444445,18.189186326338273,1.0,3.7447418818938285
3,Hog_parking_Antoinette,2016-12-31 03:00:00,14.22222222222222,18.61770302072247,1.0,4.39548079850025
3,Hog_parking_Antoinette,2016-12-31 04:00:00,14.0,17.825626616941797,0.0,3.825626616941797
3,Hog_parking_Antoinette,2016-12-31 05:00:00,18.33333333333333,18.706231051080124,0.0,0.37289771774679537
3,Hog_parking_Antoinette,2016-12-31 06:00:00,22.666666666666664,19.170644901032144,0.0,3.49602176563452
3,Hog_parking_Antoinette,2016-12-31 07:00:00,27.0,22.61239318359754,0.0,4.38760681640246
3,Hog_parking_Antoinette,2016-12-31 08:00:00,25.666666666666668,23.24374809977285,0.0,2.4229185668938165
3,Hog_parking_Antoinette,2016-12-31 09:00:00,24.33333333333333,23.583752193074485,0.0,0.7495811402588437
3,Hog_parking_Antoinette,2016-12-31 10:00:00,23.0,22.795522914842824,0.0,0.20447708515717622
3,Hog_parking_Antoinette,2016-12-31 11:00:00,19.0,22.16935598962707,0.0,3.1693559896270713
3,Hog_parking_Antoinette,2016-12-31 12:00:00,18.666666666666668,22.792378926216312,0.0,4.125712259549644
3,Hog_parking_Antoinette,2016-12-31 13:00:00,18.33333333333333,22.314810122143395,0.0,3.981476788810067
3,Hog_parking_Antoinette,2016-12-31 14:00:00,18.0,21.663913822258863,0.0,3.6639138222588628
3,Hog_parking_Antoinette,2016-12-31 15:00:00,17.666666666666668,21.355625131259554,0.0,3.6889584645928863
3,Hog_parking_Antoinette,2016-12-31 16:00:00,17.333333333333332,19.360518512491815,0.0,2.027185179158483
3,Hog_parking_Antoinette,2016-12-31 17:00:00,17.0,18.222710879884332,0.0,1.2227108798843318
3,Hog_parking_Antoinette,2016-12-31 18:00:00,16.666666666666668,14.924929715337663,0.0,1.7417369513290044
3,Hog_parking_Antoinette,2016-12-31 19:00:00,16.333333333333332,15.401069285075781,0.0,0.9322640482575508
3,Hog_parking_Antoinette,2016-12-31 20:00:00,16.0,15.474950005152992,0.0,0.5250499948470075
3,Hog_parking_Antoinette,2016-12-31 21:00:00,16.0,15.463392302431744,0.0,0.5366076975682557
3,Hog_parking_Antoinette,2016-12-31 22:00:00,16.0,15.463392302431744,0.0,0.5366076975682557
3,Hog_parking_Antoinette,2016-12-31 23:00:00,16.0,15.120359606089146,0.0,0.8796403939108544
3,Fox_office_Vicki,2016-12-31 00:00:00,102.61,106.40478731709214,0.0,3.794787317092144
3,Fox_office_Vicki,2016-12-31 01:00:00,104.28,110.41996760186602,0.0,6.139967601866019
3,Fox_office_Vicki,2016-12-31 02:00:00,103.3,108.61661615875079,0.0,5.31661615875079
3,Fox_office_Vicki,2016-12-31 03:00:00,103.82,95.40984252677296,0.0,8.41015747322703
3,Fox_office_Vicki,2016-12-31 04:00:00,104.94,95.13145093126073,0.0,9.808549068739268
3,Fox_office_Vicki,2016-12-31 05:00:00,104.46,93.40946497794506,0.0,11.05053502205493
3,Fox_office_Vicki,2016-12-31 06:00:00,105.63,93.22951692135929,0.0,12.400483078640704
3,Fox_office_Vicki,2016-12-31 07:00:00,106.82,94.23874121198273,0.0,12.581258788017266
3,Fox_office_Vicki,2016-12-31 08:00:00,102.68,100.08391731358049,0.0,2.5960826864195212
3,Fox_office_Vicki,2016-12-31 09:00:00,102.97,97.64711992709822,0.0,5.322880072901782
3,Fox_office_Vicki,2016-12-31 10:00:00,105.67,103.60762398667511,0.0,2.0623760133248936
3,Fox_office_Vicki,2016-12-31 11:00:00,102.71,103.43913745287989,0.0,0.7291374528798968
3,Fox_office_Vicki,2016-12-31 12:00:00,101.51,103.58852747467668,0.0,2.078527474676676
3,Fox_office_Vicki,2016-12-31 13:00:00,102.88,107.67887404209176,0.0,4.798874042091768
3,Fox_office_Vicki,2016-12-31 14:00:00,102.53,108.08856968392277,0.0,5.558569683922769
3,Fox_office_Vicki,2016-12-31 15:00:00,104.37,108.18326505480626,0.0,3.8132650548062514
3,Fox_office_Vicki,2016-12-31 16:00:00,104.1,107.39087618761023,0.0,3.2908761876102375
3,Fox_office_Vicki,2016-12-31 17:00:00,102.3,99.21115671722718,0.0,3.088843282772814
3,Fox_office_Vicki,2016-12-31 18:00:00,103.2,101.38682004543291,0.0,1.8131799545670901
3,Fox_office_Vicki,2016-12-31 19:00:00,102.01,98.93072588839554,0.0,3.0792741116044624
3,Fox_office_Vicki,2016-12-31 20:00:00,99.6,102.28214393122242,0.0,2.682143931222427
3,Fox_office_Vicki,2016-12-31 21:00:00,104.19,98.2685315571601,0.0,5.921468442839895
3,Fox_office_Vicki,2016-12-31 22:00:00,105.75,96.185549437402,0.0,9.564450562597997
3,Fox_office_Vicki,2016-12-31 23:00:00,102.61,99.1276341762125,0.0,3.4823658237875037
3,Fox_office_Joy,2016-12-31 00:00:00,133.27,130.51760191625064,0.0,2.7523980837493696
3,Fox_office_Joy,2016-12-31 01:00:00,128.93,123.23765927326703,0.0,5.692340726732979
3,Fox_office_Joy,2016-12-31 02:00:00,132.82,129.8069918519434,0.0,3.013008148056599
3,Fox_office_Joy,2016-12-31 03:00:00,131.94,127.72916325971136,0.0,4.2108367402886415
3,Fox_office_Joy,2016-12-31 04:00:00,132.38,124.81480119444522,0.0,7.565198805554772
3,Fox_office_Joy,2016-12-31 05:00:00,129.56,124.34050376510339,0.0,5.21949623489661
3,Fox_office_Joy,2016-12-31 06:00:00,133.45,123.7235835564929,0.0,9.726416443507091
3,Fox_office_Joy,2016-12-31 07:00:00,129.01,128.33419123656768,0.0,0.6758087634323147
3,Fox_office_Joy,2016-12-31 08:00:00,124.21,129.2165774702623,0.0,5.0065774702623145
3,Fox_office_Joy,2016-12-31 09:00:00,127.75,147.16131410720746,0.0,19.41131410720746
3,Fox_office_Joy,2016-12-31 10:00:00,138.13,150.2481670090891,0.0,12.118167009089092
3,Fox_office_Joy,2016-12-31 11:00:00,138.33,151.76352980464796,0.0,13.433529804647947
3,Fox_office_Joy,2016-12-31 12:00:00,139.45,152.3620296260843,0.0,12.912029626084319
3,Fox_office_Joy,2016-12-31 13:00:00,141.22,152.90324997269389,0.0,11.683249972693886
3,Fox_office_Joy,2016-12-31 14:00:00,140.3,151.99626281310688,0.0,11.69626281310687
3,Fox_office_Joy,2016-12-31 15:00:00,142.46,146.23287965621637,0.0,3.772879656216361
3,Fox_office_Joy,2016-12-31 16:00:00,138.3,148.28528766371463,0.0,9.985287663714615
3,Fox_office_Joy,2016-12-31 17:00:00,132.35,145.29945178522104,0.0,12.949451785221044
3,Fox_office_Joy,2016-12-31 18:00:00,143.03,140.52931610865903,0.0,2.5006838913409695
3,Fox_office_Joy,2016-12-31 19:00:00,141.91,140.60775664520722,0.0,1.302243354792779
3,Fox_office_Joy,2016-12-31 20:00:00,142.67,141.0178717827409,0.0,1.6521282172590759
3,Fox_office_Joy,2016-12-31 21:00:00,140.14,139.25327240014207,0.0,0.8867275998579203
3,Fox_office_Joy,2016-12-31 22:00:00,135.22,139.19048552084823,0.0,3.9704855208482286
3,Fox_office_Joy,2016-12-31 23:00:00,129.43,139.29927183249885,0.0,9.869271832498839
3,Hog_services_Marshall,2016-12-31 00:00:00,63.222,56.81372427304589,0.0,6.408275726954109
3,Hog_services_Marshall,2016-12-31 01:00:00,60.772,56.00124500888483,0.0,4.770754991115169
3,Hog_services_Marshall,2016-12-31 02:00:00,56.544,55.31923335761965,0.0,1.2247666423803452
3,Hog_services_Marshall,2016-12-31 03:00:00,57.292,54.30247207635674,0.0,2.9895279236432586
3,Hog_services_Marshall,2016-12-31 04:00:00,57.213,53.801944867328814,0.0,3.411055132671187
3,Hog_services_Marshall,2016-12-31 05:00:00,57.25100000000001,54.19716501579544,0.0,3.0538349842045704
3,Hog_services_Marshall,2016-12-31 06:00:00,57.31800000000001,54.1968045181439,0.0,3.1211954818561125
3,Hog_services_Marshall,2016-12-31 07:00:00,57.519,57.96323392300057,0.0,0.4442339230005743
3,Hog_services_Marshall,2016-12-31 08:00:00,57.57899999999999,62.82882439009892,0.0,5.249824390098929
3,Hog_services_Marshall,2016-12-31 09:00:00,57.53100000000001,62.88839323942861,0.0,5.357393239428596
3,Hog_services_Marshall,2016-12-31 10:00:00,56.225,60.62873234839052,0.0,4.40373234839052
3,Hog_services_Marshall,2016-12-31 11:00:00,55.938,61.1013741910008,0.0,5.163374191000798
3,Hog_services_Marshall,2016-12-31 12:00:00,57.094,61.16757256679458,0.0,4.0735725667945815
3,Hog_services_Marshall,2016-12-31 13:00:00,58.019,61.18596220780619,0.0,3.1669622078061934
3,Hog_services_Marshall,2016-12-31 14:00:00,56.76300000000001,61.36836434341389,0.0,4.605364343413875
3,Hog_services_Marshall,2016-12-31 15:00:00,57.032,61.36836434341389,0.0,4.336364343413891
3,Hog_services_Marshall,2016-12-31 16:00:00,56.112,57.49562279677335,0.0,1.383622796773345
3,Hog_services_Marshall,2016-12-31 17:00:00,57.317,55.663291604017715,0.0,1.6537083959822851
3,Hog_services_Marshall,2016-12-31 18:00:00,57.967,55.77397208367348,0.0,2.193027916326521
3,Hog_services_Marshall,2016-12-31 19:00:00,58.473,56.65560802871482,0.0,1.8173919712851756
3,Hog_services_Marshall,2016-12-31 20:00:00,57.598,56.32522239455916,0.0,1.2727776054408366
3,Hog_services_Marshall,2016-12-31 21:00:00,58.05,56.32784615755783,0.0,1.722153842442168
3,Hog_services_Marshall,2016-12-31 22:00:00,57.319,56.32784615755783,0.0,0.9911538424421735
3,Hog_services_Marshall,2016-12-31 23:00:00,57.478,56.55362662736772,0.0,0.9243733726322816
3,Bull_office_Ella,2016-12-31 00:00:00,82.0,96.27373459219316,0.0,14.273734592193165
3,Bull_office_Ella,2016-12-31 01:00:00,81.0,87.44835548534573,0.0,6.448355485345729
3,Bull_office_Ella,2016-12-31 02:00:00,78.0,97.99403495698066,0.0,19.994034956980656
3,Bull_office_Ella,2016-12-31 03:00:00,83.0,93.26023375684075,0.0,10.260233756840748
3,Bull_office_Ella,2016-12-31 04:00:00,80.4,93.52777658681666,0.0,13.127776586816651
3,Bull_office_Ella,2016-12-31 05:00:00,77.8,90.53371806185699,0.0,12.73371806185699
3,Bull_office_Ella,2016-12-31 06:00:00,75.2,77.3569626695372,0.0,2.1569626695371937
3,Bull_office_Ella,2016-12-31 07:00:00,72.6,86.969355854775,0.0,14.369355854775009
3,Bull_office_Ella,2016-12-31 08:00:00,70.0,62.1562664869797,0.0,7.843733513020297
3,Bull_office_Ella,2016-12-31 09:00:00,57.0,56.81097272292738,0.0,0.18902727707261846
3,Bull_office_Ella,2016-12-31 10:00:00,58.0,54.74925931840601,0.0,3.2507406815939888
3,Bull_office_Ella,2016-12-31 11:00:00,56.0,49.71615967733339,0.0,6.283840322666613
3,Bull_office_Ella,2016-12-31 12:00:00,55.0,51.18404424685242,0.0,3.815955753147577
3,Bull_office_Ella,2016-12-31 13:00:00,59.0,56.23189217834573,0.0,2.7681078216542687
3,Bull_office_Ella,2016-12-31 14:00:00,56.0,51.135346126372,0.0,4.864653873628001
3,Bull_office_Ella,2016-12-31 15:00:00,55.0,51.135346126372,0.0,3.8646538736280007
3,Bull_office_Ella,2016-12-31 16:00:00,57.0,52.53393968940374,0.0,4.466060310596262
3,Bull_office_Ella,2016-12-31 17:00:00,56.0,50.9725539773887,0.0,5.027446022611301
3,Bull_office_Ella,2016-12-31 18:00:00,57.0,54.01300885260128,0.0,2.9869911473987187
3,Bull_office_Ella,2016-12-31 19:00:00,61.0,62.69974979609628,0.0,1.6997497960962775
3,Bull_office_Ella,2016-12-31 20:00:00,65.75,76.6900516237378,0.0,10.940051623737801
3,Bull_office_Ella,2016-12-31 21:00:00,70.5,87.02914818560295,0.0,16.52914818560295
3,Bull_office_Ella,2016-12-31 22:00:00,75.25,86.49083622209949,0.0,11.240836222099489
3,Bull_office_Ella,2016-12-31 23:00:00,80.0,85.35709010889592,0.0,5.3570901088959175
3,Fox_education_Elvira,2016-12-31 00:00:00,120.79,113.62071315835989,0.0,7.169286841640115
3,Fox_education_Elvira,2016-12-31 01:00:00,121.3,114.1900698542257,0.0,7.1099301457743
3,Fox_education_Elvira,2016-12-31 02:00:00,124.53,111.64280759330873,0.0,12.88719240669127
3,Fox_education_Elvira,2016-12-31 03:00:00,121.04,114.064648855618,0.0,6.975351144382003
3,Fox_education_Elvira,2016-12-31 04:00:00,130.83,119.84682463889324,0.0,10.983175361106774
3,Fox_education_Elvira,2016-12-31 05:00:00,213.9,182.13805434994262,0.0,31.761945650057385
3,Fox_education_Elvira,2016-12-31 06:00:00,256.3,234.13884238170047,0.0,22.16115761829954
3,Fox_education_Elvira,2016-12-31 07:00:00,271.1,251.10949383147045,0.0,19.990506168529578
3,Fox_education_Elvira,2016-12-31 08:00:00,254.55,242.66197298473048,0.0,11.888027015269529
3,Fox_education_Elvira,2016-12-31 09:00:00,251.41,238.4472097842891,0.0,12.962790215710896
3,Fox_education_Elvira,2016-12-31 10:00:00,227.12,216.9228333852871,0.0,10.197166614712899
3,Fox_education_Elvira,2016-12-31 11:00:00,204.67,200.31968361608114,0.0,4.350316383918852
3,Fox_education_Elvira,2016-12-31 12:00:00,199.03,206.9999488835299,0.0,7.969948883529895
3,Fox_education_Elvira,2016-12-31 13:00:00,193.85,182.02740996777263,0.0,11.822590032227367
3,Fox_education_Elvira,2016-12-31 14:00:00,184.45,182.62406480775473,0.0,1.8259351922452538
3,Fox_education_Elvira,2016-12-31 15:00:00,196.68,192.90933143777949,0.0,3.7706685622205214
3,Fox_education_Elvira,2016-12-31 16:00:00,198.78,190.9671018694572,0.0,7.812898130542806
3,Fox_education_Elvira,2016-12-31 17:00:00,182.64,194.82583575135368,0.0,12.185835751353693
3,Fox_education_Elvira,2016-12-31 18:00:00,200.39,195.16963115049938,0.0,5.220368849500602
3,Fox_education_Elvira,2016-12-31 19:00:00,197.07,183.03171595155175,0.0,14.038284048448247
3,Fox_education_Elvira,2016-12-31 20:00:00,189.45,187.38347168783287,0.0,2.0665283121671223
3,Fox_education_Elvira,2016-12-31 21:00:00,145.71,154.8405259451873,0.0,9.130525945187287
3,Fox_education_Elvira,2016-12-31 22:00:00,124.86,133.7776951895228,0.0,8.917695189522803
3,Fox_education_Elvira,2016-12-31 23:00:00,125.8,130.4209509739369,0.0,4.6209509739369
3,Bull_office_Sally,2016-12-31 00:00:00,103.0,68.31256198062691,0.0,34.68743801937309
3,Bull_office_Sally,2016-12-31 01:00:00,58.0,129.52365938964815,0.0,71.52365938964815
3,Bull_office_Sally,2016-12-31 02:00:00,52.0,117.15775690635216,0.0,65.15775690635216
3,Bull_office_Sally,2016-12-31 03:00:00,53.0,59.75508923508521,0.0,6.755089235085208
3,Bull_office_Sally,2016-12-31 04:00:00,54.0,54.87791603250594,0.0,0.8779160325059365
3,Bull_office_Sally,2016-12-31 05:00:00,55.0,72.59878015628772,0.0,17.598780156287717
3,Bull_office_Sally,2016-12-31 06:00:00,56.0,65.655222872766,0.0,9.655222872766004
3,Bull_office_Sally,2016-12-31 07:00:00,59.0,67.04265832652352,0.0,8.042658326523522
3,Bull_office_Sally,2016-12-31 08:00:00,68.0,64.11988204974931,0.0,3.8801179502506926
3,Bull_office_Sally,2016-12-31 09:00:00,62.0,64.50181791320716,0.0,2.5018179132071623
3,Bull_office_Sally,2016-12-31 10:00:00,84.0,58.81563123860597,0.0,25.184368761394033
3,Bull_office_Sally,2016-12-31 11:00:00,113.0,74.25946443107009,0.0,38.740535568929914
3,Bull_office_Sally,2016-12-31 12:00:00,102.0,71.72417477721572,0.0,30.275825222784277
3,Bull_office_Sally,2016-12-31 13:00:00,91.0,75.08386077310045,0.0,15.916139226899546
3,Bull_office_Sally,2016-12-31 14:00:00,88.0,77.62081631322873,0.0,10.37918368677127
3,Bull_office_Sally,2016-12-31 15:00:00,85.0,78.45133490562772,0.0,6.548665094372282
3,Bull_office_Sally,2016-12-31 16:00:00,55.0,80.5184166498887,0.0,25.518416649888707
3,Bull_office_Sally,2016-12-31 17:00:00,52.0,80.29892829042102,0.0,28.298928290421017
3,Bull_office_Sally,2016-12-31 18:00:00,53.0,85.97995714247938,0.0,32.97995714247938
3,Bull_office_Sally,2016-12-31 19:00:00,54.0,95.42426206581673,0.0,41.424262065816734
3,Bull_office_Sally,2016-12-31 20:00:00,53.4,111.3062236085626,0.0,57.906223608562605
3,Bull_office_Sally,2016-12-31 21:00:00,52.8,110.01277128857011,0.0,57.21277128857011
3,Bull_office_Sally,2016-12-31 22:00:00,52.2,109.32128035582431,0.0,57.12128035582431
3,Bull_office_Sally,2016-12-31 23:00:00,51.6,107.1944918461859,0.0,55.594491846185896
3,Fox_education_Charles,2016-12-31 00:00:00,9.41,9.152874142524674,0.0,0.25712585747532657
3,Fox_education_Charles,2016-12-31 01:00:00,9.39,9.618395509267765,0.0,0.22839550926776475
3,Fox_education_Charles,2016-12-31 02:00:00,9.43,9.52690952883812,0.0,0.0969095288381201
3,Fox_education_Charles,2016-12-31 03:00:00,9.38,9.531714943853489,0.0,0.15171494385348794
3,Fox_education_Charles,2016-12-31 04:00:00,9.32,9.543272646574737,0.0,0.22327264657473656
3,Fox_education_Charles,2016-12-31 05:00:00,9.3,9.469391926497526,0.0,0.169391926497525
3,Fox_education_Charles,2016-12-31 06:00:00,9.24,10.22784765772912,0.0,0.9878476577291195
3,Fox_education_Charles,2016-12-31 07:00:00,8.52,10.143464973392758,0.0,1.6234649733927586
3,Fox_education_Charles,2016-12-31 08:00:00,8.05,10.116977220020173,0.0,2.0669772200201724
3,Fox_education_Charles,2016-12-31 09:00:00,7.77,10.116977220020173,0.0,2.3469772200201735
3,Fox_education_Charles,2016-12-31 10:00:00,7.91,8.954765081749855,0.0,1.0447650817498548
3,Fox_education_Charles,2016-12-31 11:00:00,7.97,9.410495682947172,0.0,1.440495682947172
3,Fox_education_Charles,2016-12-31 12:00:00,8.43,9.889249815214844,0.0,1.4592498152148448
3,Fox_education_Charles,2016-12-31 13:00:00,8.46,9.548640356390894,0.0,1.0886403563908935
3,Fox_education_Charles,2016-12-31 14:00:00,8.04,9.092909755193578,0.0,1.0529097551935784
3,Fox_education_Charles,2016-12-31 15:00:00,7.86,8.319228691388034,0.0,0.45922869138803346
3,Fox_education_Charles,2016-12-31 16:00:00,8.19,8.67974580847968,0.0,0.48974580847968063
3,Fox_education_Charles,2016-12-31 17:00:00,8.23,9.90915747348254,0.0,1.6791574734825403
3,Fox_education_Charles,2016-12-31 18:00:00,8.7,10.015260788415267,0.0,1.3152607884152676
3,Fox_education_Charles,2016-12-31 19:00:00,9.13,10.049814127620182,0.0,0.9198141276201817
3,Fox_education_Charles,2016-12-31 20:00:00,8.96,10.123694847697394,0.0,1.1636948476973927
3,Fox_education_Charles,2016-12-31 21:00:00,8.73,10.471136244811703,0.0,1.7411362448117025
3,Fox_education_Charles,2016-12-31 22:00:00,8.75,9.656406543778829,0.0,0.9064065437788287
3,Fox_education_Charles,2016-12-31 23:00:00,8.73,9.689562215597975,0.0,0.959562215597975
3,Bear_education_Chad,2016-12-31 00:00:00,836.5917,798.6349358259123,0.0,37.95676417408765
3,Bear_education_Chad,2016-12-31 01:00:00,848.4844,820.9461531876053,0.0,27.538246812394732
3,Bear_education_Chad,2016-12-31 02:00:00,832.0627,815.9708701436697,0.0,16.091829856330264
3,Bear_education_Chad,2016-12-31 03:00:00,792.302,826.921990370773,0.0,34.61999037077294
3,Bear_education_Chad,2016-12-31 04:00:00,784.8499,806.8320686057874,0.0,21.982168605787365
3,Bear_education_Chad,2016-12-31 05:00:00,819.0039,837.5465096520783,0.0,18.542609652078227
3,Bear_education_Chad,2016-12-31 06:00:00,871.1234,825.1033995514408,0.0,46.02000044855913
3,Bear_education_Chad,2016-12-31 07:00:00,884.5686,824.1811075429575,0.0,60.38749245704241
3,Bear_education_Chad,2016-12-31 08:00:00,907.062,836.6237625781847,0.0,70.4382374218153
3,Bear_education_Chad,2016-12-31 09:00:00,895.8861,843.120070400618,0.0,52.76602959938202
3,Bear_education_Chad,2016-12-31 10:00:00,908.0113,841.5458742909999,0.0,66.4654257090001
3,Bear_education_Chad,2016-12-31 11:00:00,912.2204,837.7646389726291,0.0,74.45576102737095
3,Bear_education_Chad,2016-12-31 12:00:00,876.5901,837.3486465856771,0.0,39.241453414322905
3,Bear_education_Chad,2016-12-31 13:00:00,908.0436,837.5211064409813,0.0,70.5224935590187
3,Bear_education_Chad,2016-12-31 14:00:00,921.1474,834.8687905452404,0.0,86.27860945475959
3,Bear_education_Chad,2016-12-31 15:00:00,907.9586,838.576200500466,0.0,69.38239949953402
3,Bear_education_Chad,2016-12-31 16:00:00,823.4462,845.8579058604962,0.0,22.411705860496227
3,Bear_education_Chad,2016-12-31 17:00:00,815.1016,833.81338481509,0.0,18.711784815090027
3,Bear_education_Chad,2016-12-31 18:00:00,794.9615,824.3883336293151,0.0,29.42683362931507
3,Bear_education_Chad,2016-12-31 19:00:00,800.2101,750.3428475140937,0.0,49.867252485906306
3,Bear_education_Chad,2016-12-31 20:00:00,793.4034,752.077363508717,0.0,41.32603649128305
3,Bear_education_Chad,2016-12-31 21:00:00,715.6931,739.1046698560945,0.0,23.411569856094502
3,Bear_education_Chad,2016-12-31 22:00:00,795.9178,737.6239921307289,0.0,58.29380786927118
3,Bear_education_Chad,2016-12-31 23:00:00,808.4923,755.4221558176961,0.0,53.07014418230392
3,Rat_office_Lora,2016-12-31 00:00:00,214.31,216.33542507363683,0.0,2.025425073636825
3,Rat_office_Lora,2016-12-31 01:00:00,221.87,233.4804571352012,0.0,11.610457135201187
3,Rat_office_Lora,2016-12-31 02:00:00,228.74,232.2832964942517,0.0,3.5432964942516776
3,Rat_office_Lora,2016-12-31 03:00:00,226.59,238.17506377417342,0.0,11.58506377417342
3,Rat_office_Lora,2016-12-31 04:00:00,221.35,241.47679067355114,0.0,20.12679067355114
3,Rat_office_Lora,2016-12-31 05:00:00,245.45,297.5757610557581,0.0,52.12576105575812
3,Rat_office_Lora,2016-12-31 06:00:00,247.86,316.1052524167175,0.0,68.2452524167175
3,Rat_office_Lora,2016-12-31 07:00:00,246.31,297.0081243391581,0.0,50.698124339158085
3,Rat_office_Lora,2016-12-31 08:00:00,263.36,293.9373331646526,0.0,30.5773331646526
3,Rat_office_Lora,2016-12-31 09:00:00,270.97,327.74416778018593,0.0,56.774167780185905
3,Rat_office_Lora,2016-12-31 10:00:00,267.48,300.6128390980457,0.0,33.13283909804568
3,Rat_office_Lora,2016-12-31 11:00:00,257.13,303.3176135537541,0.0,46.18761355375409
3,Rat_office_Lora,2016-12-31 12:00:00,253.53,339.43993490154674,0.0,85.90993490154673
3,Rat_office_Lora,2016-12-31 13:00:00,244.65,322.12461153537396,0.0,77.47461153537395
3,Rat_office_Lora,2016-12-31 14:00:00,242.57,292.16401100051706,0.0,49.59401100051707
3,Rat_office_Lora,2016-12-31 15:00:00,245.24,288.4169970785936,0.0,43.176997078593615
3,Rat_office_Lora,2016-12-31 16:00:00,241.78,282.38865502701776,0.0,40.60865502701776
3,Rat_office_Lora,2016-12-31 17:00:00,245.9,269.3666827275235,0.0,23.466682727523477
3,Rat_office_Lora,2016-12-31 18:00:00,240.68,293.1950289924919,0.0,52.51502899249192
3,Rat_office_Lora,2016-12-31 19:00:00,238.03,254.52923312614865,0.0,16.499233126148653
3,Rat_office_Lora,2016-12-31 20:00:00,240.22,256.92758875976523,0.0,16.70758875976523
3,Rat_office_Lora,2016-12-31 21:00:00,236.81,256.1527696406446,0.0,19.342769640644576
3,Rat_office_Lora,2016-12-31 22:00:00,236.8,253.04098302018406,0.0,16.240983020184046
3,Rat_office_Lora,2016-12-31 23:00:00,221.91,245.80607299156867,0.0,23.896072991568673
3,Rat_office_Adele,2016-12-31 00:00:00,243.4,224.65583145942537,0.0,18.744168540574634
3,Rat_office_Adele,2016-12-31 01:00:00,278.32,238.7978539667306,0.0,39.522146033269394
3,Rat_office_Adele,2016-12-31 02:00:00,250.21,230.6300069169254,0.0,19.579993083074612
3,Rat_office_Adele,2016-12-31 03:00:00,271.19,251.06645602828652,0.0,20.123543971713474
3,Rat_office_Adele,2016-12-31 04:00:00,255.82,234.4227331520166,0.0,21.39726684798339
3,Rat_office_Adele,2016-12-31 05:00:00,286.91,275.07034445142403,0.0,11.83965554857599
3,Rat_office_Adele,2016-12-31 06:00:00,308.99,297.0271860711515,0.0,11.962813928848504
3,Rat_office_Adele,2016-12-31 07:00:00,303.21,288.88073771583163,0.0,14.329262284168351
3,Rat_office_Adele,2016-12-31 08:00:00,308.54,285.7842809030422,0.0,22.75571909695782
3,Rat_office_Adele,2016-12-31 09:00:00,276.03,289.0680413369332,0.0,13.038041336933247
3,Rat_office_Adele,2016-12-31 10:00:00,275.43,284.4685335200138,0.0,9.0385335200138
3,Rat_office_Adele,2016-12-31 11:00:00,245.16,269.6545344946871,0.0,24.494534494687088
3,Rat_office_Adele,2016-12-31 12:00:00,253.44,274.12478263756714,0.0,20.68478263756714
3,Rat_office_Adele,2016-12-31 13:00:00,234.87,265.7931996929933,0.0,30.923199692993308
3,Rat_office_Adele,2016-12-31 14:00:00,248.57,263.698117365245,0.0,15.128117365245032
3,Rat_office_Adele,2016-12-31 15:00:00,231.04,261.8402794531153,0.0,30.80027945311528
3,Rat_office_Adele,2016-12-31 16:00:00,260.77,243.02450620150975,0.0,17.74549379849023
3,Rat_office_Adele,2016-12-31 17:00:00,255.36,246.44035039561444,0.0,8.919649604385569
3,Rat_office_Adele,2016-12-31 18:00:00,267.98,259.97289008788766,0.0,8.007109912112355
3,Rat_office_Adele,2016-12-31 19:00:00,244.88,226.95362511435172,0.0,17.926374885648272
3,Rat_office_Adele,2016-12-31 20:00:00,244.13,229.28314445765957,0.0,14.846855542340421
3,Rat_office_Adele,2016-12-31 21:00:00,248.59,244.52568518782547,0.0,4.06431481217453
3,Rat_office_Adele,2016-12-31 22:00:00,242.16,229.3372045345572,0.0,12.822795465442795
3,Rat_office_Adele,2016-12-31 23:00:00,270.92,246.54506656832947,0.0,24.37493343167054
3,Rat_assembly_Kelley,2016-12-31 00:00:00,5.92,4.66234590091466,0.0,1.2576540990853395
3,Rat_assembly_Kelley,2016-12-31 01:00:00,5.96,4.703440970786882,0.0,1.2565590292131184
3,Rat_assembly_Kelley,2016-12-31 02:00:00,6.04,4.734854011415864,0.0,1.3051459885841359
3,Rat_assembly_Kelley,2016-12-31 03:00:00,6.08,4.988975117995746,0.0,1.0910248820042545
3,Rat_assembly_Kelley,2016-12-31 04:00:00,6.346666666666667,5.000532820716994,0.0,1.346133845949673
3,Rat_assembly_Kelley,2016-12-31 05:00:00,6.613333333333333,4.926652100639782,0.0,1.6866812326935516
3,Rat_assembly_Kelley,2016-12-31 06:00:00,6.88,4.8703781308385015,0.0,2.0096218691614984
3,Rat_assembly_Kelley,2016-12-31 07:00:00,5.92,4.78599544650214,0.0,1.13400455349786
3,Rat_assembly_Kelley,2016-12-31 08:00:00,5.64,4.759507693129553,0.0,0.8804923068704467
3,Rat_assembly_Kelley,2016-12-31 09:00:00,5.0,3.798772705341822,0.0,1.2012272946581781
3,Rat_assembly_Kelley,2016-12-31 10:00:00,4.76,3.3681080386097277,0.0,1.391891961390272
3,Rat_assembly_Kelley,2016-12-31 11:00:00,4.52,3.3681080386097277,0.0,1.1518919613902718
3,Rat_assembly_Kelley,2016-12-31 12:00:00,4.4,3.3649640499832167,0.0,1.0350359500167836
3,Rat_assembly_Kelley,2016-12-31 13:00:00,4.28,4.30244089742077,0.0,0.022440897420770156
3,Rat_assembly_Kelley,2016-12-31 14:00:00,4.0,4.30244089742077,0.0,0.3024408974207704
3,Rat_assembly_Kelley,2016-12-31 15:00:00,4.1066666666666665,4.30244089742077,0.0,0.19577423075410394
3,Rat_assembly_Kelley,2016-12-31 16:00:00,4.213333333333334,4.496824552442553,0.0,0.2834912191092194
3,Rat_assembly_Kelley,2016-12-31 17:00:00,4.32,4.538472333804339,0.0,0.21847233380433906
3,Rat_assembly_Kelley,2016-12-31 18:00:00,5.44,6.575705149529541,0.0,1.1357051495295405
3,Rat_assembly_Kelley,2016-12-31 19:00:00,4.84,6.610258488734458,0.0,1.7702584887344583
3,Rat_assembly_Kelley,2016-12-31 20:00:00,5.04,4.753009708019193,0.0,0.28699029198080694
3,Rat_assembly_Kelley,2016-12-31 21:00:00,4.92,4.741452005297945,0.0,0.17854799470205496
3,Rat_assembly_Kelley,2016-12-31 22:00:00,5.04,4.741452005297945,0.0,0.29854799470205506
3,Rat_assembly_Kelley,2016-12-31 23:00:00,5.053333333333334,4.802536554739305,0.0,0.2507967785940286
3,Rat_public_Julieann,2016-12-31 00:00:00,1.266,0.9993027085462469,0.0,0.2666972914537531
3,Rat_public_Julieann,2016-12-31 01:00:00,1.259,1.040397778418469,0.0,0.21860222158153086
3,Rat_public_Julieann,2016-12-31 02:00:00,1.252,1.0718108190474491,0.0,0.18018918095255088
3,Rat_public_Julieann,2016-12-31 03:00:00,1.245,1.2433327243799572,0.0,0.001667275620042874
3,Rat_public_Julieann,2016-12-31 04:00:00,1.238,1.2433327243799572,0.0,0.005332724379957243
3,Rat_public_Julieann,2016-12-31 05:00:00,1.231,1.2433327243799572,0.0,0.012332724379957138
3,Rat_public_Julieann,2016-12-31 06:00:00,1.224,1.1870587545786766,0.0,0.036941245421323377
3,Rat_public_Julieann,2016-12-31 07:00:00,1.217,1.1870587545786766,0.0,0.02994124542132348
3,Rat_public_Julieann,2016-12-31 08:00:00,1.21,1.1605710012060912,0.0,0.04942899879390872
3,Rat_public_Julieann,2016-12-31 09:00:00,1.1933333333333334,1.1605710012060912,0.0,0.03276233212724211
3,Rat_public_Julieann,2016-12-31 10:00:00,1.1766666666666667,0.7341310738810567,0.0,0.44253559278561005
3,Rat_public_Julieann,2016-12-31 11:00:00,1.16,0.6961804237796921,0.0,0.4638195762203078
3,Rat_public_Julieann,2016-12-31 12:00:00,1.143333333333333,0.693036435153181,0.0,0.45029689818015206
3,Rat_public_Julieann,2016-12-31 13:00:00,1.1266666666666667,0.7114260761647901,0.0,0.41524059050187656
3,Rat_public_Julieann,2016-12-31 14:00:00,1.11,0.7114260761647901,0.0,0.39857392383520995
3,Rat_public_Julieann,2016-12-31 15:00:00,1.0933333333333333,0.7114260761647901,0.0,0.3819072571685431
3,Rat_public_Julieann,2016-12-31 16:00:00,1.0766666666666669,0.8420829182130839,0.0,0.23458374845358299
3,Rat_public_Julieann,2016-12-31 17:00:00,1.06,0.8420829182130839,0.0,0.21791708178691616
3,Rat_public_Julieann,2016-12-31 18:00:00,1.104,0.8638035488094465,0.0,0.24019645119055355
3,Rat_public_Julieann,2016-12-31 19:00:00,1.148,0.9668961749396701,0.0,0.18110382506032985
3,Rat_public_Julieann,2016-12-31 20:00:00,1.1920000000000002,0.9958096116821595,0.0,0.19619038831784064
3,Rat_public_Julieann,2016-12-31 21:00:00,1.236,1.0784088129295328,0.0,0.15759118707046715
3,Rat_public_Julieann,2016-12-31 22:00:00,1.28,1.0784088129295328,0.0,0.2015911870704672
3,Rat_public_Julieann,2016-12-31 23:00:00,1.25,1.1394933623708923,0.0,0.11050663762910773
3,Bear_education_Lewis,2016-12-31 00:00:00,14.47222222222222,14.73499552549437,0.0,0.26277330327214976
3,Bear_education_Lewis,2016-12-31 01:00:00,14.444444444444445,14.802498030768774,0.0,0.3580535863243295
3,Bear_education_Lewis,2016-12-31 02:00:00,14.416666666666666,14.738940927961343,0.0,0.32227426129467673
3,Bear_education_Lewis,2016-12-31 03:00:00,14.38888888888889,14.532456264162471,0.0,0.143567375273582
3,Bear_education_Lewis,2016-12-31 04:00:00,14.36111111111111,14.34743036555611,0.0,0.013680745554999874
3,Bear_education_Lewis,2016-12-31 05:00:00,14.333333333333334,14.297303499749745,0.0,0.03602983358358891
3,Bear_education_Lewis,2016-12-31 06:00:00,14.305555555555555,13.569749631519267,0.0,0.7358059240362884
3,Bear_education_Lewis,2016-12-31 07:00:00,14.27777777777778,13.241969824074841,0.0,1.035807953702939
3,Bear_education_Lewis,2016-12-31 08:00:00,14.25,13.215482070702256,0.0,1.0345179292977438
3,Bear_education_Lewis,2016-12-31 09:00:00,14.0,13.215482070702256,0.0,0.7845179292977438
3,Bear_education_Lewis,2016-12-31 10:00:00,14.75,13.153018218408304,0.0,1.5969817815916958
3,Bear_education_Lewis,2016-12-31 11:00:00,14.5,13.153018218408304,0.0,1.3469817815916958
3,Bear_education_Lewis,2016-12-31 12:00:00,15.0,12.936555682218891,0.0,2.0634443177811086
3,Bear_education_Lewis,2016-12-31 13:00:00,15.25,12.954945323230499,0.0,2.2950546767695013
3,Bear_education_Lewis,2016-12-31 14:00:00,15.5,12.954945323230499,0.0,2.5450546767695013
3,Bear_education_Lewis,2016-12-31 15:00:00,15.0,13.951121170930037,0.0,1.048878829069963
3,Bear_education_Lewis,2016-12-31 16:00:00,15.75,14.185255520791769,0.0,1.5647444792082315
3,Bear_education_Lewis,2016-12-31 17:00:00,16.75,14.705943340545085,0.0,2.044056659454915
3,Bear_education_Lewis,2016-12-31 18:00:00,16.416666666666668,14.613857548052675,0.0,1.8028091186139932
3,Bear_education_Lewis,2016-12-31 19:00:00,16.083333333333332,15.256673534708993,0.0,0.8266597986243394
3,Bear_education_Lewis,2016-12-31 20:00:00,15.75,15.772140485319397,0.0,0.022140485319397385
3,Bear_education_Lewis,2016-12-31 21:00:00,15.5,15.957166383925767,0.0,0.4571663839257667
3,Bear_education_Lewis,2016-12-31 22:00:00,15.25,15.957166383925767,0.0,0.7071663839257667
3,Bear_education_Lewis,2016-12-31 23:00:00,15.0,14.926675843839623,0.0,0.07332415616037657
3,Rat_office_Randy,2016-12-31 00:00:00,62.77,62.016632184349056,0.0,0.7533678156509467
3,Rat_office_Randy,2016-12-31 01:00:00,64.5,63.5940442510338,0.0,0.9059557489661998
3,Rat_office_Randy,2016-12-31 02:00:00,62.93,63.625457291662784,0.0,0.6954572916627839
3,Rat_office_Randy,2016-12-31 03:00:00,62.71,64.29254574772138,0.0,1.582545747721376
3,Rat_office_Randy,2016-12-31 04:00:00,62.42,65.09221709777097,0.0,2.672217097770968
3,Rat_office_Randy,2016-12-31 05:00:00,82.67,80.70180800406172,0.0,1.9681919959382839
3,Rat_office_Randy,2016-12-31 06:00:00,82.42,76.19258209270022,0.0,6.227417907299781
3,Rat_office_Randy,2016-12-31 07:00:00,82.4,75.85814748916897,0.0,6.541852510831035
3,Rat_office_Randy,2016-12-31 08:00:00,79.67,84.9760489792295,0.0,5.306048979229502
3,Rat_office_Randy,2016-12-31 09:00:00,75.99,86.2449421290502,0.0,10.254942129050207
3,Rat_office_Randy,2016-12-31 10:00:00,75.84,85.42504378158847,0.0,9.585043781588467
3,Rat_office_Randy,2016-12-31 11:00:00,76.8,85.35518378744528,0.0,8.555183787445287
3,Rat_office_Randy,2016-12-31 12:00:00,77.24,86.60735803571785,0.0,9.367358035717857
3,Rat_office_Randy,2016-12-31 13:00:00,77.31,86.12987266028807,0.0,8.81987266028807
3,Rat_office_Randy,2016-12-31 14:00:00,77.98,87.38519089718714,0.0,9.40519089718714
3,Rat_office_Randy,2016-12-31 15:00:00,77.86,86.12987266028807,0.0,8.269872660288073
3,Rat_office_Randy,2016-12-31 16:00:00,77.8,86.60460663147552,0.0,8.804606631475522
3,Rat_office_Randy,2016-12-31 17:00:00,78.42,86.8481407163744,0.0,8.4281407163744
3,Rat_office_Randy,2016-12-31 18:00:00,84.32,84.78846113247711,0.0,0.46846113247711685
3,Rat_office_Randy,2016-12-31 19:00:00,83.98,81.79519862953158,0.0,2.1848013704684206
3,Rat_office_Randy,2016-12-31 20:00:00,84.09,79.55066529214636,0.0,4.539334707853641
3,Rat_office_Randy,2016-12-31 21:00:00,65.01,66.5066109903634,0.0,1.4966109903633935
3,Rat_office_Randy,2016-12-31 22:00:00,64.04,66.45464160455663,0.0,2.4146416045566212
3,Rat_office_Randy,2016-12-31 23:00:00,64.24,66.41707271465661,0.0,2.1770727146566173
3,Rat_assembly_Pauline,2016-12-31 00:00:00,1.3066666666666666,1.033688887139631,0.0,0.2729777795270356
3,Rat_assembly_Pauline,2016-12-31 01:00:00,1.3155555555555556,1.1011913924140333,0.0,0.2143641631415223
3,Rat_assembly_Pauline,2016-12-31 02:00:00,1.3244444444444443,1.0376342896065989,0.0,0.28681015483784544
3,Rat_assembly_Pauline,2016-12-31 03:00:00,1.3333333333333337,0.9425250921471323,0.0,0.3908082411862014
3,Rat_assembly_Pauline,2016-12-31 04:00:00,1.3422222222222222,0.9425250921471323,0.0,0.3996971300750899
3,Rat_assembly_Pauline,2016-12-31 05:00:00,1.3511111111111112,0.8599258908997586,0.0,0.4911852202113526
3,Rat_assembly_Pauline,2016-12-31 06:00:00,1.36,0.7406346701206771,0.0,0.619365329879323
3,Rat_assembly_Pauline,2016-12-31 07:00:00,1.2,0.6431819464528834,0.0,0.5568180535471166
3,Rat_assembly_Pauline,2016-12-31 08:00:00,0.88,0.6166941930802978,0.0,0.2633058069197022
3,Rat_assembly_Pauline,2016-12-31 09:00:00,0.76,0.6166941930802978,0.0,0.14330580691970218
3,Rat_assembly_Pauline,2016-12-31 10:00:00,0.72,0.5989866433610412,0.0,0.12101335663895874
3,Rat_assembly_Pauline,2016-12-31 11:00:00,0.68,0.5989866433610412,0.0,0.08101335663895881
3,Rat_assembly_Pauline,2016-12-31 12:00:00,0.72,0.6908127981709444,0.0,0.029187201829055542
3,Rat_assembly_Pauline,2016-12-31 13:00:00,0.7733333333333333,0.7092024391825534,0.0,0.06413089415077988
3,Rat_assembly_Pauline,2016-12-31 14:00:00,0.8266666666666667,0.7092024391825534,0.0,0.11746422748411323
3,Rat_assembly_Pauline,2016-12-31 15:00:00,0.88,0.7092024391825534,0.0,0.17079756081744657
3,Rat_assembly_Pauline,2016-12-31 16:00:00,0.0,0.8398592812308477,0.0,0.8398592812308477
3,Rat_assembly_Pauline,2016-12-31 17:00:00,1.12,0.8398592812308477,0.0,0.28014071876915236
3,Rat_assembly_Pauline,2016-12-31 18:00:00,1.16,0.944179113074584,0.0,0.2158208869254159
3,Rat_assembly_Pauline,2016-12-31 19:00:00,1.2,1.047271739204807,0.0,0.15272826079519297
3,Rat_assembly_Pauline,2016-12-31 20:00:00,1.32,1.0761851759472962,0.0,0.24381482405270383
3,Rat_assembly_Pauline,2016-12-31 21:00:00,1.36,1.0761851759472962,0.0,0.28381482405270386
3,Rat_assembly_Pauline,2016-12-31 22:00:00,1.342857142857143,1.0761851759472962,0.0,0.26667196690984674
3,Rat_assembly_Pauline,2016-12-31 23:00:00,1.3257142857142858,1.1372697253886557,0.0,0.18844456032563017
3,Rat_office_Craig,2016-12-31 00:00:00,198.86,198.58651949932727,0.0,0.273480500672747
3,Rat_office_Craig,2016-12-31 01:00:00,199.74,199.46022898864288,0.0,0.279771011357127
3,Rat_office_Craig,2016-12-31 02:00:00,199.87,198.3155014231032,0.0,1.5544985768968047
3,Rat_office_Craig,2016-12-31 03:00:00,199.19,198.2043469097475,0.0,0.985653090252498
3,Rat_office_Craig,2016-12-31 04:00:00,197.59,199.00113827396518,0.0,1.4111382739651788
3,Rat_office_Craig,2016-12-31 05:00:00,199.29,198.36620018671968,0.0,0.9237998132803114
3,Rat_office_Craig,2016-12-31 06:00:00,197.82,200.86183625531234,0.0,3.0418362553123472
3,Rat_office_Craig,2016-12-31 07:00:00,196.68,197.2616947515195,0.0,0.5816947515195068
3,Rat_office_Craig,2016-12-31 08:00:00,174.62,186.57216559592365,0.0,11.952165595923645
3,Rat_office_Craig,2016-12-31 09:00:00,176.59,179.49359951800278,0.0,2.9035995180027783
3,Rat_office_Craig,2016-12-31 10:00:00,176.18,184.604337594062,0.0,8.424337594061996
3,Rat_office_Craig,2016-12-31 11:00:00,177.11,183.58094853317752,0.0,6.470948533177506
3,Rat_office_Craig,2016-12-31 12:00:00,180.14,188.20577038313968,0.0,8.065770383139693
3,Rat_office_Craig,2016-12-31 13:00:00,179.78,182.53039223348986,0.0,2.750392233489862
3,Rat_office_Craig,2016-12-31 14:00:00,180.07,183.87875754131642,0.0,3.8087575413164245
3,Rat_office_Craig,2016-12-31 15:00:00,181.65,186.73392728099552,0.0,5.0839272809955105
3,Rat_office_Craig,2016-12-31 16:00:00,183.34,186.0240506654735,0.0,2.6840506654735066
3,Rat_office_Craig,2016-12-31 17:00:00,181.68,182.07047089454704,0.0,0.3904708945470361
3,Rat_office_Craig,2016-12-31 18:00:00,200.85,197.0074127968579,0.0,3.8425872031421022
3,Rat_office_Craig,2016-12-31 19:00:00,208.88,203.82772756770967,0.0,5.052272432290323
3,Rat_office_Craig,2016-12-31 20:00:00,207.51,204.7503054761231,0.0,2.7596945238769024
3,Rat_office_Craig,2016-12-31 21:00:00,206.45,204.44548201886292,0.0,2.00451798113707
3,Rat_office_Craig,2016-12-31 22:00:00,205.35,202.42015362770462,0.0,2.9298463722953727
3,Rat_office_Craig,2016-12-31 23:00:00,204.96,198.29078446874308,0.0,6.669215531256924
