window,building,timestamp,y_true,y_pred,is_anomaly,resid
0,Hog_parking_Antoinette,2016-12-10 00:00:00,18.0,16.870428482607352,0.0,1.1295715173926482
0,Hog_parking_Antoinette,2016-12-10 01:00:00,18.0,16.1970755818981,0.0,1.8029244181018989
0,Hog_parking_Antoinette,2016-12-10 02:00:00,18.0,16.197701232792962,0.0,1.8022987672070379
0,Hog_parking_Antoinette,2016-12-10 03:00:00,18.0,17.271734862873107,0.0,0.7282651371268933
0,Hog_parking_Antoinette,2016-12-10 04:00:00,18.0,18.324392489430537,0.0,0.32439248943053656
0,Hog_parking_Antoinette,2016-12-10 05:00:00,18.0,19.617271630166044,0.0,1.6172716301660444
0,Hog_parking_Antoinette,2016-12-10 06:00:00,18.0,20.577907053685895,0.0,2.5779070536858946
0,Hog_parking_Antoinette,2016-12-10 07:00:00,32.0,23.402783016768293,0.0,8.597216983231707
0,Hog_parking_Antoinette,2016-12-10 08:00:00,34.0,25.85337202877762,0.0,8.14662797122238
0,Hog_parking_Antoinette,2016-12-10 09:00:00,33.0,23.43496058551427,0.0,9.565039414485732
0,Hog_parking_Antoinette,2016-12-10 10:00:00,34.0,23.50104967404356,0.0,10.49895032595644
0,Hog_parking_Antoinette,2016-12-10 11:00:00,33.57142857142857,20.872350755247968,0.0,12.699077816180601
0,Hog_parking_Antoinette,2016-12-10 12:00:00,33.142857142857146,21.003462337208845,0.0,12.139394805648301
0,Hog_parking_Antoinette,2016-12-10 13:00:00,32.714285714285715,20.73385642760655,0.0,11.980429286679165
0,Hog_parking_Antoinette,2016-12-10 14:00:00,32.285714285714285,19.890867934224115,0.0,12.39484635149017
0,Hog_parking_Antoinette,2016-12-10 15:00:00,31.857142857142858,19.191576430820408,0.0,12.66556642632245
0,Hog_parking_Antoinette,2016-12-10 16:00:00,31.42857142857143,18.222425311667372,0.0,13.206146116904058
0,Hog_parking_Antoinette,2016-12-10 17:00:00,31.0,15.075225606111319,0.0,15.924774393888681
0,Hog_parking_Antoinette,2016-12-10 18:00:00,22.0,15.418917260795864,0.0,6.5810827392041364
0,Hog_parking_Antoinette,2016-12-10 19:00:00,22.0,14.31093953960148,0.0,7.689060460398521
0,Hog_parking_Antoinette,2016-12-10 20:00:00,22.0,15.178274236030399,0.0,6.821725763969601
0,Hog_parking_Antoinette,2016-12-10 21:00:00,22.0,15.525834971919965,0.0,6.474165028080035
0,Hog_parking_Antoinette,2016-12-10 22:00:00,21.0,16.029560301960004,0.0,4.970439698039996
0,Hog_parking_Antoinette,2016-12-10 23:00:00,20.25,16.331801475842678,0.0,3.9181985241573223
0,Fox_office_Vicki,2016-12-10 00:00:00,107.96,96.24128201996818,0.0,11.718717980031812
0,Fox_office_Vicki,2016-12-10 01:00:00,107.97,94.6242107246136,0.0,13.345789275386394
0,Fox_office_Vicki,2016-12-10 02:00:00,103.25,94.38486737800442,0.0,8.865132621995585
0,Fox_office_Vicki,2016-12-10 03:00:00,94.35,94.53246675917755,0.0,0.18246675917755795
0,Fox_office_Vicki,2016-12-10 04:00:00,95.18,92.10503043349563,0.0,3.074969566504379
0,Fox_office_Vicki,2016-12-10 05:00:00,98.86,91.54083922942729,0.0,7.319160770572708
0,Fox_office_Vicki,2016-12-10 06:00:00,101.84,89.75380752682973,0.0,12.086192473170271
0,Fox_office_Vicki,2016-12-10 07:00:00,101.57,94.49519692719744,0.0,7.074803072802553
0,Fox_office_Vicki,2016-12-10 08:00:00,100.26,98.9948504278553,0.0,1.2651495721447077
0,Fox_office_Vicki,2016-12-10 09:00:00,102.39,109.44687300318904,0.0,7.05687300318904
0,Fox_office_Vicki,2016-12-10 10:00:00,106.7,111.94574769429742,0.0,5.245747694297421
0,Fox_office_Vicki,2016-12-10 11:00:00,109.36,114.69616588961249,0.0,5.336165889612488
0,Fox_office_Vicki,2016-12-10 12:00:00,106.43,114.17647045844163,0.0,7.746470458441621
0,Fox_office_Vicki,2016-12-10 13:00:00,115.58,115.79788866385562,0.0,0.2178886638556179
0,Fox_office_Vicki,2016-12-10 14:00:00,123.13,120.91904616198853,0.0,2.210953838011463
0,Fox_office_Vicki,2016-12-10 15:00:00,119.61,112.81550203356313,0.0,6.7944979664368645
0,Fox_office_Vicki,2016-12-10 16:00:00,118.17,116.21353838583195,0.0,1.9564616141680489
0,Fox_office_Vicki,2016-12-10 17:00:00,110.44,111.74347788341842,0.0,1.3034778834184237
0,Fox_office_Vicki,2016-12-10 18:00:00,108.45,106.92529630395562,0.0,1.5247036960443836
0,Fox_office_Vicki,2016-12-10 19:00:00,103.06,97.89158345735962,0.0,5.1684165426403865
0,Fox_office_Vicki,2016-12-10 20:00:00,105.52,96.76829796006739,0.0,8.75170203993261
0,Fox_office_Vicki,2016-12-10 21:00:00,101.74,94.57878415968214,0.0,7.161215840317851
0,Fox_office_Vicki,2016-12-10 22:00:00,106.17,94.57878415968214,0.0,11.591215840317858
0,Fox_office_Vicki,2016-12-10 23:00:00,106.1,93.20058218784678,0.0,12.899417812153217
0,Fox_office_Joy,2016-12-10 00:00:00,130.17,143.72291686659688,0.0,13.552916866596888
0,Fox_office_Joy,2016-12-10 01:00:00,126.27,132.7835294362438,0.0,6.5135294362438145
0,Fox_office_Joy,2016-12-10 02:00:00,134.99,137.6333087066413,0.0,2.643308706641278
0,Fox_office_Joy,2016-12-10 03:00:00,135.39,137.6333087066413,0.0,2.243308706641301
0,Fox_office_Joy,2016-12-10 04:00:00,134.01,137.67921235590967,0.0,3.6692123559096785
0,Fox_office_Joy,2016-12-10 05:00:00,131.22,136.28467775439978,0.0,5.064677754399781
0,Fox_office_Joy,2016-12-10 06:00:00,131.67,136.50440363379678,0.0,4.834403633796796
0,Fox_office_Joy,2016-12-10 07:00:00,127.71,143.57137168760212,0.0,15.86137168760213
0,Fox_office_Joy,2016-12-10 08:00:00,130.49,153.04308162143957,0.0,22.55308162143956
0,Fox_office_Joy,2016-12-10 09:00:00,147.14,166.10383279907558,0.0,18.96383279907559
0,Fox_office_Joy,2016-12-10 10:00:00,158.86,168.00267911769524,0.0,9.142679117695224
0,Fox_office_Joy,2016-12-10 11:00:00,158.56,167.780200575973,0.0,9.220200575972996
0,Fox_office_Joy,2016-12-10 12:00:00,160.12,171.4499758746687,0.0,11.32997587466869
0,Fox_office_Joy,2016-12-10 13:00:00,154.06,168.4112767139058,0.0,14.351276713905804
0,Fox_office_Joy,2016-12-10 14:00:00,156.98,167.93524919344193,0.0,10.955249193441944
0,Fox_office_Joy,2016-12-10 15:00:00,152.55,161.33553705383582,0.0,8.78553705383581
0,Fox_office_Joy,2016-12-10 16:00:00,149.35,158.82259011001824,0.0,9.472590110018245
0,Fox_office_Joy,2016-12-10 17:00:00,150.05,148.95044886740985,0.0,1.0995511325901646
0,Fox_office_Joy,2016-12-10 18:00:00,150.9,144.1329947784132,0.0,6.7670052215868
0,Fox_office_Joy,2016-12-10 19:00:00,148.65,143.51747048835932,0.0,5.1325295116406835
0,Fox_office_Joy,2016-12-10 20:00:00,146.79,142.06292249635865,0.0,4.72707750364134
0,Fox_office_Joy,2016-12-10 21:00:00,146.32,136.47822729106608,0.0,9.841772708933917
0,Fox_office_Joy,2016-12-10 22:00:00,143.24,136.50685247426097,0.0,6.733147525739042
0,Fox_office_Joy,2016-12-10 23:00:00,142.69,134.35646357194548,0.0,8.333536428054515
0,Hog_services_Marshall,2016-12-10 00:00:00,61.635,61.91114147404019,0.0,0.2761414740401946
0,Hog_services_Marshall,2016-12-10 01:00:00,58.459,60.57155631611435,0.0,2.1125563161143504
0,Hog_services_Marshall,2016-12-10 02:00:00,58.062,60.95097603944148,0.0,2.8889760394414807
0,Hog_services_Marshall,2016-12-10 03:00:00,57.386,60.95097603944148,0.0,3.5649760394414756
0,Hog_services_Marshall,2016-12-10 04:00:00,58.93899999999999,60.59883317725689,0.0,1.6598331772568997
0,Hog_services_Marshall,2016-12-10 05:00:00,57.543,60.448606730833326,0.0,2.905606730833327
0,Hog_services_Marshall,2016-12-10 06:00:00,58.05,61.131893675525085,0.0,3.0818936755250874
0,Hog_services_Marshall,2016-12-10 07:00:00,57.453,69.3062320174071,0.0,11.853232017407095
0,Hog_services_Marshall,2016-12-10 08:00:00,58.279,68.47899477205813,0.0,10.199994772058126
0,Hog_services_Marshall,2016-12-10 09:00:00,57.403,64.92414989742213,0.0,7.521149897422127
0,Hog_services_Marshall,2016-12-10 10:00:00,57.375,63.351975756160684,0.0,5.976975756160684
0,Hog_services_Marshall,2016-12-10 11:00:00,58.31399999999999,63.63106477661904,0.0,5.317064776619048
0,Hog_services_Marshall,2016-12-10 12:00:00,56.665,64.52248887475515,0.0,7.8574888747551555
0,Hog_services_Marshall,2016-12-10 13:00:00,58.276,62.63096179504301,0.0,4.354961795043003
0,Hog_services_Marshall,2016-12-10 14:00:00,56.911,63.05213666070156,0.0,6.141136660701555
0,Hog_services_Marshall,2016-12-10 15:00:00,55.997,64.36197540330896,0.0,8.36497540330896
0,Hog_services_Marshall,2016-12-10 16:00:00,58.198,68.2269434193973,0.0,10.0289434193973
0,Hog_services_Marshall,2016-12-10 17:00:00,57.007,61.75023233096162,0.0,4.743232330961625
0,Hog_services_Marshall,2016-12-10 18:00:00,56.933,60.521424816989864,0.0,3.588424816989864
0,Hog_services_Marshall,2016-12-10 19:00:00,57.574,60.819280848250266,0.0,3.2452808482502675
0,Hog_services_Marshall,2016-12-10 20:00:00,57.902,61.092555000907204,0.0,3.190555000907203
0,Hog_services_Marshall,2016-12-10 21:00:00,57.232,61.15864509799799,0.0,3.9266450979979908
0,Hog_services_Marshall,2016-12-10 22:00:00,57.881,61.15864509799799,0.0,3.27764509799799
0,Hog_services_Marshall,2016-12-10 23:00:00,56.349,62.03805815632036,0.0,5.689058156320364
0,Bull_office_Ella,2016-12-10 00:00:00,86.28571428571429,74.34922200883462,0.0,11.936492276879676
0,Bull_office_Ella,2016-12-10 01:00:00,86.42857142857143,81.98008295260138,0.0,4.448488475970052
0,Bull_office_Ella,2016-12-10 02:00:00,86.57142857142857,80.70065592481117,0.0,5.870772646617397
0,Bull_office_Ella,2016-12-10 03:00:00,86.71428571428571,79.97463861398052,0.0,6.739647100305191
0,Bull_office_Ella,2016-12-10 04:00:00,86.85714285714286,80.39707718955188,0.0,6.460065667590982
0,Bull_office_Ella,2016-12-10 05:00:00,87.0,100.88303674621962,0.0,13.883036746219616
0,Bull_office_Ella,2016-12-10 06:00:00,84.0,103.50817268527439,0.0,19.50817268527439
0,Bull_office_Ella,2016-12-10 07:00:00,83.0,103.01636048597591,0.0,20.01636048597591
0,Bull_office_Ella,2016-12-10 08:00:00,72.0,100.61113792477313,0.0,28.611137924773132
0,Bull_office_Ella,2016-12-10 09:00:00,60.0,120.52105307461925,0.0,60.521053074619246
0,Bull_office_Ella,2016-12-10 10:00:00,61.0,140.0608847304143,0.0,79.0608847304143
0,Bull_office_Ella,2016-12-10 11:00:00,62.0,136.91194239169764,0.0,74.91194239169764
0,Bull_office_Ella,2016-12-10 12:00:00,61.0,139.81838350698203,0.0,78.81838350698203
0,Bull_office_Ella,2016-12-10 13:00:00,62.0,333.0383743744219,0.0,271.0383743744219
0,Bull_office_Ella,2016-12-10 14:00:00,59.0,357.81066247018936,0.0,298.81066247018936
0,Bull_office_Ella,2016-12-10 15:00:00,63.0,334.0888583358943,0.0,271.0888583358943
0,Bull_office_Ella,2016-12-10 16:00:00,59.0,301.12785384587585,0.0,242.12785384587585
0,Bull_office_Ella,2016-12-10 17:00:00,62.0,98.32801797879759,0.0,36.32801797879759
0,Bull_office_Ella,2016-12-10 18:00:00,61.0,101.13397324721673,0.0,40.13397324721673
0,Bull_office_Ella,2016-12-10 19:00:00,64.0,104.29799305019826,0.0,40.29799305019826
0,Bull_office_Ella,2016-12-10 20:00:00,83.0,128.37358680045864,0.0,45.37358680045864
0,Bull_office_Ella,2016-12-10 21:00:00,85.0,131.10166427437608,0.0,46.10166427437608
0,Bull_office_Ella,2016-12-10 22:00:00,82.0,130.1323745308163,0.0,48.13237453081629
0,Bull_office_Ella,2016-12-10 23:00:00,83.0,128.73720475134087,0.0,45.73720475134087
0,Fox_education_Elvira,2016-12-10 00:00:00,117.72,133.39255321601465,0.0,15.672553216014649
0,Fox_education_Elvira,2016-12-10 01:00:00,116.65,130.3227950584352,0.0,13.672795058435185
0,Fox_education_Elvira,2016-12-10 02:00:00,116.35,130.63633862143078,0.0,14.286338621430787
0,Fox_education_Elvira,2016-12-10 03:00:00,116.3,140.34632794690893,0.0,24.04632794690893
0,Fox_education_Elvira,2016-12-10 04:00:00,117.47,150.64930908726737,0.0,33.17930908726737
0,Fox_education_Elvira,2016-12-10 05:00:00,231.11,268.4944437967275,0.0,37.38444379672751
0,Fox_education_Elvira,2016-12-10 06:00:00,299.86,313.4464856085052,0.0,13.5864856085052
0,Fox_education_Elvira,2016-12-10 07:00:00,313.91,331.9179396373571,0.0,18.007939637357083
0,Fox_education_Elvira,2016-12-10 08:00:00,294.22,330.3810073227395,0.0,36.161007322739465
0,Fox_education_Elvira,2016-12-10 09:00:00,275.68,321.11179101533526,0.0,45.43179101533525
0,Fox_education_Elvira,2016-12-10 10:00:00,243.4,279.6641307524545,0.0,36.26413075245452
0,Fox_education_Elvira,2016-12-10 11:00:00,210.18,243.8341495863468,0.0,33.65414958634679
0,Fox_education_Elvira,2016-12-10 12:00:00,199.11,221.12568276624071,0.0,22.0156827662407
0,Fox_education_Elvira,2016-12-10 13:00:00,199.43,206.74478481991827,0.0,7.314784819918259
0,Fox_education_Elvira,2016-12-10 14:00:00,184.78,198.11546099731305,0.0,13.33546099731305
0,Fox_education_Elvira,2016-12-10 15:00:00,179.98,191.9536777776564,0.0,11.973677777656405
0,Fox_education_Elvira,2016-12-10 16:00:00,180.88,191.9065400615839,0.0,11.026540061583916
0,Fox_education_Elvira,2016-12-10 17:00:00,189.5,195.8877944935542,0.0,6.387794493554196
0,Fox_education_Elvira,2016-12-10 18:00:00,197.74,194.48377403187988,0.0,3.256225968120134
0,Fox_education_Elvira,2016-12-10 19:00:00,196.02,193.25820653829362,0.0,2.7617934617063895
0,Fox_education_Elvira,2016-12-10 20:00:00,195.37,188.14072734209682,0.0,7.229272657903181
0,Fox_education_Elvira,2016-12-10 21:00:00,137.7,152.43335514236531,0.0,14.733355142365326
0,Fox_education_Elvira,2016-12-10 22:00:00,126.52,135.72271595160655,0.0,9.20271595160655
0,Fox_education_Elvira,2016-12-10 23:00:00,122.67,129.4293518742356,0.0,6.759351874235605
0,Bull_office_Sally,2016-12-10 00:00:00,112.0,363.26875282613764,0.0,251.26875282613764
0,Bull_office_Sally,2016-12-10 01:00:00,69.0,292.7722243777091,0.0,223.7722243777091
0,Bull_office_Sally,2016-12-10 02:00:00,55.0,292.7669094156808,0.0,237.7669094156808
0,Bull_office_Sally,2016-12-10 03:00:00,53.0,292.68079155576055,0.0,239.68079155576055
0,Bull_office_Sally,2016-12-10 04:00:00,52.0,369.4675460557685,0.0,317.4675460557685
0,Bull_office_Sally,2016-12-10 05:00:00,53.0,279.2707094685515,0.0,226.2707094685515
0,Bull_office_Sally,2016-12-10 06:00:00,58.0,336.38803550907903,0.0,278.38803550907903
0,Bull_office_Sally,2016-12-10 07:00:00,97.0,387.34219792268823,0.0,290.34219792268823
0,Bull_office_Sally,2016-12-10 08:00:00,103.0,1125.6822287283887,0.0,1022.6822287283887
0,Bull_office_Sally,2016-12-10 09:00:00,93.0,1149.604511082236,0.0,1056.604511082236
0,Bull_office_Sally,2016-12-10 10:00:00,91.0,109.06208131269332,0.0,18.062081312693323
0,Bull_office_Sally,2016-12-10 11:00:00,103.0,111.50675039707308,0.0,8.506750397073077
0,Bull_office_Sally,2016-12-10 12:00:00,101.0,112.10065867871391,0.0,11.100658678713913
0,Bull_office_Sally,2016-12-10 13:00:00,99.0,115.81477535136352,0.0,16.814775351363522
0,Bull_office_Sally,2016-12-10 14:00:00,108.0,114.32910196755735,0.0,6.329101967557349
0,Bull_office_Sally,2016-12-10 15:00:00,110.0,113.75965657876621,0.0,3.7596565787662115
0,Bull_office_Sally,2016-12-10 16:00:00,109.0,119.44674684560128,0.0,10.446746845601282
0,Bull_office_Sally,2016-12-10 17:00:00,124.0,119.73785469311096,0.0,4.262145306889039
0,Bull_office_Sally,2016-12-10 18:00:00,123.0,122.13033434560404,0.0,0.8696656543959591
0,Bull_office_Sally,2016-12-10 19:00:00,112.0,111.38429989324034,0.0,0.615700106759661
0,Bull_office_Sally,2016-12-10 20:00:00,109.66666666666669,103.70239347798913,0.0,5.964273188677552
0,Bull_office_Sally,2016-12-10 21:00:00,107.33333333333331,102.04285223756789,0.0,5.290481095765429
0,Bull_office_Sally,2016-12-10 22:00:00,105.0,101.54219227160193,0.0,3.457807728398066
0,Bull_office_Sally,2016-12-10 23:00:00,109.0,98.87453344745049,0.0,10.125466552549511
0,Fox_education_Charles,2016-12-10 00:00:00,9.62,10.13869962633585,0.0,0.5186996263358505
0,Fox_education_Charles,2016-12-10 01:00:00,9.55,10.108964758815247,0.0,0.5589647588152467
0,Fox_education_Charles,2016-12-10 02:00:00,9.75,10.109590409710108,0.0,0.35959040971010836
0,Fox_education_Charles,2016-12-10 03:00:00,9.69,10.109590409710108,0.0,0.41959040971010886
0,Fox_education_Charles,2016-12-10 04:00:00,9.56,9.993174792793713,0.0,0.4331747927937126
0,Fox_education_Charles,2016-12-10 05:00:00,9.55,10.019956518593418,0.0,0.4699565185934169
0,Fox_education_Charles,2016-12-10 06:00:00,9.64,11.105715006627383,0.0,1.4657150066273825
0,Fox_education_Charles,2016-12-10 07:00:00,9.34,12.28252548260218,0.0,2.9425254826021803
0,Fox_education_Charles,2016-12-10 08:00:00,8.88,11.109584087832403,0.0,2.229584087832402
0,Fox_education_Charles,2016-12-10 09:00:00,9.27,9.556912165355643,0.0,0.286912165355643
0,Fox_education_Charles,2016-12-10 10:00:00,11.16,9.303475047670293,0.0,1.856524952329707
0,Fox_education_Charles,2016-12-10 11:00:00,13.2,9.303475047670293,0.0,3.896524952329706
0,Fox_education_Charles,2016-12-10 12:00:00,17.41,9.198950792099984,0.0,8.211049207900016
0,Fox_education_Charles,2016-12-10 13:00:00,14.08,9.27860744230851,0.0,4.801392557691489
0,Fox_education_Charles,2016-12-10 14:00:00,21.38,9.36884654451144,0.0,12.011153455488559
0,Fox_education_Charles,2016-12-10 15:00:00,10.29,14.245285667447515,0.0,3.955285667447516
0,Fox_education_Charles,2016-12-10 16:00:00,8.99,10.01086214406595,0.0,1.0208621440659496
0,Fox_education_Charles,2016-12-10 17:00:00,9.5,10.037445646254907,0.0,0.5374456462549073
0,Fox_education_Charles,2016-12-10 18:00:00,9.85,10.033576565049888,0.0,0.18357656504988817
0,Fox_education_Charles,2016-12-10 19:00:00,10.05,10.060869649242461,0.0,0.010869649242460255
0,Fox_education_Charles,2016-12-10 20:00:00,9.94,10.140494276173987,0.0,0.20049427617398763
0,Fox_education_Charles,2016-12-10 21:00:00,9.86,11.253545848400526,0.0,1.3935458484005263
0,Fox_education_Charles,2016-12-10 22:00:00,9.79,10.099737324474582,0.0,0.30973732447458246
0,Fox_education_Charles,2016-12-10 23:00:00,9.85,9.193479463098571,0.0,0.6565205369014286
0,Bear_education_Chad,2016-12-10 00:00:00,891.0729,904.4667528588926,0.0,13.393852858892615
0,Bear_education_Chad,2016-12-10 01:00:00,870.5887,899.7001133041558,0.0,29.111413304155803
0,Bear_education_Chad,2016-12-10 02:00:00,871.2549,897.5239933951016,0.0,26.26909339510155
0,Bear_education_Chad,2016-12-10 03:00:00,876.5941,891.8247229790991,0.0,15.230622979099053
0,Bear_education_Chad,2016-12-10 04:00:00,885.1435,890.2398777008611,0.0,5.096377700861126
0,Bear_education_Chad,2016-12-10 05:00:00,918.0271,939.2429002772809,0.0,21.21580027728089
0,Bear_education_Chad,2016-12-10 06:00:00,944.1904,947.843333409039,0.0,3.652933409039065
0,Bear_education_Chad,2016-12-10 07:00:00,935.6399,961.1668614701163,0.0,25.526961470116248
0,Bear_education_Chad,2016-12-10 08:00:00,964.2375,970.6304687793923,0.0,6.39296877939239
0,Bear_education_Chad,2016-12-10 09:00:00,991.7583,987.1657210324101,0.0,4.592578967589816
0,Bear_education_Chad,2016-12-10 10:00:00,978.5959,974.5534147462254,0.0,4.042485253774657
0,Bear_education_Chad,2016-12-10 11:00:00,990.2125,997.5155131383622,0.0,7.303013138362189
0,Bear_education_Chad,2016-12-10 12:00:00,1004.145,1015.448675038743,0.0,11.303675038742995
0,Bear_education_Chad,2016-12-10 13:00:00,990.8635,1042.5910734964011,0.0,51.72757349640108
0,Bear_education_Chad,2016-12-10 14:00:00,994.7584,999.7822340365052,0.0,5.02383403650515
0,Bear_education_Chad,2016-12-10 15:00:00,997.6853,1014.5902377264852,0.0,16.904937726485173
0,Bear_education_Chad,2016-12-10 16:00:00,987.6963,1009.24505843998,0.0,21.54875843998002
0,Bear_education_Chad,2016-12-10 17:00:00,955.6549,986.1532188837301,0.0,30.49831888373012
0,Bear_education_Chad,2016-12-10 18:00:00,958.6387,981.157955408205,0.0,22.519255408205026
0,Bear_education_Chad,2016-12-10 19:00:00,883.8337,958.9414766233951,0.0,75.10777662339513
0,Bear_education_Chad,2016-12-10 20:00:00,904.3364,948.883583537577,0.0,44.547183537576984
0,Bear_education_Chad,2016-12-10 21:00:00,909.941,947.1813831043111,0.0,37.240383104311036
0,Bear_education_Chad,2016-12-10 22:00:00,894.2212,939.0364655394973,0.0,44.81526553949732
0,Bear_education_Chad,2016-12-10 23:00:00,881.2211,917.6265194697681,0.0,36.40541946976816
0,Rat_office_Lora,2016-12-10 00:00:00,231.63,240.56255617417057,0.0,8.932556174170571
0,Rat_office_Lora,2016-12-10 01:00:00,237.79,246.21403363720933,0.0,8.424033637209334
0,Rat_office_Lora,2016-12-10 02:00:00,229.78,257.2365995738852,0.0,27.4565995738852
0,Rat_office_Lora,2016-12-10 03:00:00,233.15,256.90161079190364,0.0,23.75161079190363
0,Rat_office_Lora,2016-12-10 04:00:00,229.24,258.16046027466757,0.0,28.920460274667562
0,Rat_office_Lora,2016-12-10 05:00:00,253.26,266.33783863364056,0.0,13.077838633640567
0,Rat_office_Lora,2016-12-10 06:00:00,256.41,329.2891509759007,0.0,72.8791509759007
0,Rat_office_Lora,2016-12-10 07:00:00,258.48,324.6777544342411,0.0,66.19775443424106
0,Rat_office_Lora,2016-12-10 08:00:00,270.74,402.69405952873257,0.0,131.95405952873256
0,Rat_office_Lora,2016-12-10 09:00:00,291.13,397.96902276999504,0.0,106.83902276999504
0,Rat_office_Lora,2016-12-10 10:00:00,286.91,365.2526037705487,0.0,78.34260377054869
0,Rat_office_Lora,2016-12-10 11:00:00,286.75,352.97872469540425,0.0,66.22872469540425
0,Rat_office_Lora,2016-12-10 12:00:00,277.03,339.6751095524546,0.0,62.64510955245464
0,Rat_office_Lora,2016-12-10 13:00:00,276.72,342.6778254999523,0.0,65.95782549995226
0,Rat_office_Lora,2016-12-10 14:00:00,280.61,317.43328427431896,0.0,36.82328427431895
0,Rat_office_Lora,2016-12-10 15:00:00,285.29,313.64181702851215,0.0,28.35181702851213
0,Rat_office_Lora,2016-12-10 16:00:00,281.55,316.8543827195762,0.0,35.30438271957621
0,Rat_office_Lora,2016-12-10 17:00:00,252.88,315.3508588383404,0.0,62.470858838340405
0,Rat_office_Lora,2016-12-10 18:00:00,250.99,313.48686683112976,0.0,62.49686683112975
0,Rat_office_Lora,2016-12-10 19:00:00,253.79,266.15958060580203,0.0,12.369580605802042
0,Rat_office_Lora,2016-12-10 20:00:00,260.45,271.2000049165615,0.0,10.750004916561522
0,Rat_office_Lora,2016-12-10 21:00:00,269.32,280.4822779565709,0.0,11.162277956570904
0,Rat_office_Lora,2016-12-10 22:00:00,256.82,279.4451008265801,0.0,22.62510082658008
0,Rat_office_Lora,2016-12-10 23:00:00,243.24,271.4046276742267,0.0,28.164627674226665
0,Rat_office_Adele,2016-12-10 00:00:00,610.61,606.2708351263086,0.0,4.339164873691402
0,Rat_office_Adele,2016-12-10 01:00:00,660.67,602.0643220008083,0.0,58.6056779991917
0,Rat_office_Adele,2016-12-10 02:00:00,625.62,606.7825673116132,0.0,18.837432688386798
0,Rat_office_Adele,2016-12-10 03:00:00,658.58,588.494308883894,0.0,70.08569111610609
0,Rat_office_Adele,2016-12-10 04:00:00,620.57,601.3387290236325,0.0,19.23127097636757
0,Rat_office_Adele,2016-12-10 05:00:00,686.49,617.1629555591633,0.0,69.32704444083674
0,Rat_office_Adele,2016-12-10 06:00:00,704.02,614.4186539664183,0.0,89.60134603358165
0,Rat_office_Adele,2016-12-10 07:00:00,708.51,632.3315980822334,0.0,76.17840191776656
0,Rat_office_Adele,2016-12-10 08:00:00,704.23,630.7587468149543,0.0,73.47125318504573
0,Rat_office_Adele,2016-12-10 09:00:00,663.86,599.0167086615003,0.0,64.84329133849974
0,Rat_office_Adele,2016-12-10 10:00:00,629.94,599.7682408087329,0.0,30.171759191267142
0,Rat_office_Adele,2016-12-10 11:00:00,611.29,599.2576059326435,0.0,12.03239406735645
0,Rat_office_Adele,2016-12-10 12:00:00,613.14,572.9176546649948,0.0,40.22234533500523
0,Rat_office_Adele,2016-12-10 13:00:00,622.53,569.4150099852997,0.0,53.11499001470031
0,Rat_office_Adele,2016-12-10 14:00:00,605.27,560.4273300837842,0.0,44.842669916215755
0,Rat_office_Adele,2016-12-10 15:00:00,599.05,549.6673727901995,0.0,49.38262720980049
0,Rat_office_Adele,2016-12-10 16:00:00,581.63,543.7442602761181,0.0,37.8857397238819
0,Rat_office_Adele,2016-12-10 17:00:00,607.15,558.2489727553938,0.0,48.90102724460621
0,Rat_office_Adele,2016-12-10 18:00:00,621.95,552.9075202292089,0.0,69.04247977079115
0,Rat_office_Adele,2016-12-10 19:00:00,645.6,581.1270090085133,0.0,64.47299099148677
0,Rat_office_Adele,2016-12-10 20:00:00,631.91,567.8539175892361,0.0,64.0560824107639
0,Rat_office_Adele,2016-12-10 21:00:00,666.11,584.639734485709,0.0,81.47026551429099
0,Rat_office_Adele,2016-12-10 22:00:00,638.15,580.5029288878524,0.0,57.647071112147614
0,Rat_office_Adele,2016-12-10 23:00:00,669.59,583.1810121108601,0.0,86.4089878891399
0,Rat_assembly_Kelley,2016-12-10 00:00:00,4.944000000000001,2.8595544933539006,0.0,2.0844455066461003
0,Rat_assembly_Kelley,2016-12-10 01:00:00,5.152,2.5493935435587716,0.0,2.6026064564412286
0,Rat_assembly_Kelley,2016-12-10 02:00:00,5.36,2.8304452767281556,0.0,2.5295547232718447
0,Rat_assembly_Kelley,2016-12-10 03:00:00,4.6,2.8304452767281556,0.0,1.769554723271844
0,Rat_assembly_Kelley,2016-12-10 04:00:00,4.64,2.8304452767281556,0.0,1.809554723271844
0,Rat_assembly_Kelley,2016-12-10 05:00:00,4.84,2.8572270025278597,0.0,1.9827729974721402
0,Rat_assembly_Kelley,2016-12-10 06:00:00,4.92,2.8299339183352856,0.0,2.0900660816647143
0,Rat_assembly_Kelley,2016-12-10 07:00:00,4.8,2.8338029995403033,0.0,1.9661970004596965
0,Rat_assembly_Kelley,2016-12-10 08:00:00,4.36,2.5533769172657794,0.0,1.806623082734221
0,Rat_assembly_Kelley,2016-12-10 09:00:00,4.04,2.296483445844837,0.0,1.7435165541551632
0,Rat_assembly_Kelley,2016-12-10 10:00:00,3.8,1.7688802568363924,0.0,2.0311197431636074
0,Rat_assembly_Kelley,2016-12-10 11:00:00,3.56,1.7688802568363924,0.0,1.7911197431636077
0,Rat_assembly_Kelley,2016-12-10 12:00:00,3.52,1.7950454613655222,0.0,1.7249545386344778
0,Rat_assembly_Kelley,2016-12-10 13:00:00,3.44,2.1452960827390046,0.0,1.2947039172609953
0,Rat_assembly_Kelley,2016-12-10 14:00:00,3.36,2.1289643327300314,0.0,1.2310356672699685
0,Rat_assembly_Kelley,2016-12-10 15:00:00,3.6,2.1289643327300314,0.0,1.4710356672699687
0,Rat_assembly_Kelley,2016-12-10 16:00:00,3.68,2.635093384879164,0.0,1.0449066151208362
0,Rat_assembly_Kelley,2016-12-10 17:00:00,3.64,2.6616768870681233,0.0,0.9783231129318768
0,Rat_assembly_Kelley,2016-12-10 18:00:00,4.12,2.3773817235885817,0.0,1.7426182764114184
0,Rat_assembly_Kelley,2016-12-10 19:00:00,4.52,2.6851008900556796,0.0,1.83489910994432
0,Rat_assembly_Kelley,2016-12-10 20:00:00,4.68,2.6595938538465713,0.0,2.0204061461534284
0,Rat_assembly_Kelley,2016-12-10 21:00:00,4.8,2.6595938538465713,0.0,2.1404061461534285
0,Rat_assembly_Kelley,2016-12-10 22:00:00,4.92,2.6595938538465713,0.0,2.2604061461534286
0,Rat_assembly_Kelley,2016-12-10 23:00:00,4.96,2.793479113332466,0.0,2.166520886667534
0,Rat_public_Julieann,2016-12-10 00:00:00,1.26,1.1469889119586314,0.0,0.11301108804136861
0,Rat_public_Julieann,2016-12-10 01:00:00,1.25,1.1172540444380263,0.0,0.13274595556197366
0,Rat_public_Julieann,2016-12-10 02:00:00,1.2385714285714289,1.117879695332887,0.0,0.12069173323854199
0,Rat_public_Julieann,2016-12-10 03:00:00,1.227142857142857,1.117879695332887,0.0,0.1092631618099702
0,Rat_public_Julieann,2016-12-10 04:00:00,1.2157142857142855,1.0181236620232499,0.0,0.19759062369103564
0,Rat_public_Julieann,2016-12-10 05:00:00,1.2042857142857142,1.0449053878229542,0.0,0.15938032646276
0,Rat_public_Julieann,2016-12-10 06:00:00,1.1928571428571428,0.903856544998443,0.0,0.2890005978586998
0,Rat_public_Julieann,2016-12-10 07:00:00,1.1814285714285713,0.8669185175995027,0.0,0.3145100538290686
0,Rat_public_Julieann,2016-12-10 08:00:00,1.17,0.8669185175995027,0.0,0.30308148240049726
0,Rat_public_Julieann,2016-12-10 09:00:00,1.1566666666666665,0.8651347944010825,0.0,0.29153187226558397
0,Rat_public_Julieann,2016-12-10 10:00:00,1.143333333333333,0.6586084159025904,0.0,0.48472491743074264
0,Rat_public_Julieann,2016-12-10 11:00:00,1.13,0.6586084159025904,0.0,0.47139158409740944
0,Rat_public_Julieann,2016-12-10 12:00:00,1.1166666666666667,0.4754634258873519,0.0,0.6412032407793148
0,Rat_public_Julieann,2016-12-10 13:00:00,1.1033333333333333,0.5536782475423851,0.0,0.5496550857909481
0,Rat_public_Julieann,2016-12-10 14:00:00,1.09,0.5373464975334126,0.0,0.5526535024665875
0,Rat_public_Julieann,2016-12-10 15:00:00,1.0766666666666669,0.5781034492328176,0.0,0.49856321743384924
0,Rat_public_Julieann,2016-12-10 16:00:00,1.0633333333333337,0.7307666169617146,0.0,0.33256671637161905
0,Rat_public_Julieann,2016-12-10 17:00:00,1.05,0.7573501191506737,0.0,0.2926498808493263
0,Rat_public_Julieann,2016-12-10 18:00:00,1.096,0.753481037945656,0.0,0.34251896205434407
0,Rat_public_Julieann,2016-12-10 19:00:00,1.142,0.8583615763195678,0.0,0.28363842368043213
0,Rat_public_Julieann,2016-12-10 20:00:00,1.1880000000000002,0.8816063501733367,0.0,0.3063936498266635
0,Rat_public_Julieann,2016-12-10 21:00:00,1.234,1.0095859864746537,0.0,0.2244140135253463
0,Rat_public_Julieann,2016-12-10 22:00:00,1.28,0.9931015289269518,0.0,0.2868984710730482
0,Rat_public_Julieann,2016-12-10 23:00:00,1.27,1.1027142942611434,0.0,0.1672857057388566
0,Bear_education_Lewis,2016-12-10 00:00:00,16.0,16.62837969401496,0.0,0.62837969401496
0,Bear_education_Lewis,2016-12-10 01:00:00,15.75,16.66098564792753,0.0,0.9109856479275287
0,Bear_education_Lewis,2016-12-10 02:00:00,15.625,16.639238871049304,0.0,1.0142388710493044
0,Bear_education_Lewis,2016-12-10 03:00:00,15.5,16.4897825600109,0.0,0.9897825600109016
0,Bear_education_Lewis,2016-12-10 04:00:00,15.375,15.546512466956536,0.0,0.17151246695653555
0,Bear_education_Lewis,2016-12-10 05:00:00,15.25,16.30333158804375,0.0,1.0533315880437506
0,Bear_education_Lewis,2016-12-10 06:00:00,15.416666666666666,17.30992757363734,0.0,1.8932609069706725
0,Bear_education_Lewis,2016-12-10 07:00:00,15.583333333333334,17.52738287925855,0.0,1.9440495459252158
0,Bear_education_Lewis,2016-12-10 08:00:00,15.75,19.856190892079614,0.0,4.1061908920796135
0,Bear_education_Lewis,2016-12-10 09:00:00,16.833333333333332,19.209209285258957,0.0,2.375875951925625
0,Bear_education_Lewis,2016-12-10 10:00:00,17.916666666666668,17.947753974870963,0.0,0.031087308204295283
0,Bear_education_Lewis,2016-12-10 11:00:00,19.0,17.947753974870963,0.0,1.0522460251290369
0,Bear_education_Lewis,2016-12-10 12:00:00,18.5,17.975047060845974,0.0,0.5249529391540264
0,Bear_education_Lewis,2016-12-10 13:00:00,20.0,18.241238350207098,0.0,1.758761649792902
0,Bear_education_Lewis,2016-12-10 14:00:00,19.75,18.287187549269436,0.0,1.4628124507305635
0,Bear_education_Lewis,2016-12-10 15:00:00,20.5,18.287187549269436,0.0,2.2128124507305635
0,Bear_education_Lewis,2016-12-10 16:00:00,20.0,19.931797602735504,0.0,0.06820239726449628
0,Bear_education_Lewis,2016-12-10 17:00:00,18.5,19.682951115959,0.0,1.1829511159589998
0,Bear_education_Lewis,2016-12-10 18:00:00,17.4,18.11849692948331,0.0,0.7184969294833117
0,Bear_education_Lewis,2016-12-10 19:00:00,16.5,17.728315359005805,0.0,1.228315359005805
0,Bear_education_Lewis,2016-12-10 20:00:00,16.083333333333332,18.68665526165521,0.0,2.603321928321879
0,Bear_education_Lewis,2016-12-10 21:00:00,15.666666666666666,17.337251119583208,0.0,1.6705844529165415
0,Bear_education_Lewis,2016-12-10 22:00:00,15.25,16.485965053653615,0.0,1.235965053653615
0,Bear_education_Lewis,2016-12-10 23:00:00,16.25,16.617052771095125,0.0,0.3670527710951248
0,Rat_office_Randy,2016-12-10 00:00:00,59.22,59.41736888521466,0.0,0.197368885214658
0,Rat_office_Randy,2016-12-10 01:00:00,59.18,59.97089182653148,0.0,0.7908918265314782
0,Rat_office_Randy,2016-12-10 02:00:00,59.55,59.971517477426346,0.0,0.4215174774263488
0,Rat_office_Randy,2016-12-10 03:00:00,58.72,59.971517477426346,0.0,1.2515174774263471
0,Rat_office_Randy,2016-12-10 04:00:00,58.18,60.01742112669473,0.0,1.8374211266947285
0,Rat_office_Randy,2016-12-10 05:00:00,84.39,86.05933145772359,0.0,1.6693314577235867
0,Rat_office_Randy,2016-12-10 06:00:00,83.98,85.06907594042929,0.0,1.0890759404292822
0,Rat_office_Randy,2016-12-10 07:00:00,82.13,87.21083561771808,0.0,5.08083561771808
0,Rat_office_Randy,2016-12-10 08:00:00,86.08,93.48001122378913,0.0,7.400011223789136
0,Rat_office_Randy,2016-12-10 09:00:00,94.48,92.80243398838728,0.0,1.6775660116127256
0,Rat_office_Randy,2016-12-10 10:00:00,96.86,91.44819849165359,0.0,5.411801508346414
0,Rat_office_Randy,2016-12-10 11:00:00,98.06,93.9645491288678,0.0,4.095450871132201
0,Rat_office_Randy,2016-12-10 12:00:00,98.81,92.1798491775965,0.0,6.6301508224035075
0,Rat_office_Randy,2016-12-10 13:00:00,97.36,92.21786339860816,0.0,5.14213660139184
0,Rat_office_Randy,2016-12-10 14:00:00,95.88,91.46066218391219,0.0,4.419337816087804
0,Rat_office_Randy,2016-12-10 15:00:00,95.9,91.46066218391219,0.0,4.439337816087814
0,Rat_office_Randy,2016-12-10 16:00:00,96.99,92.63802500522056,0.0,4.3519749947794395
0,Rat_office_Randy,2016-12-10 17:00:00,95.6,93.16493793982008,0.0,2.4350620601799164
0,Rat_office_Randy,2016-12-10 18:00:00,92.76,93.38451236028939,0.0,0.624512360289387
0,Rat_office_Randy,2016-12-10 19:00:00,90.49,90.79631855228952,0.0,0.3063185522895253
0,Rat_office_Randy,2016-12-10 20:00:00,84.93,86.82998898955866,0.0,1.8999889895586506
0,Rat_office_Randy,2016-12-10 21:00:00,60.95,60.50149315753447,0.0,0.44850684246553385
0,Rat_office_Randy,2016-12-10 22:00:00,58.3,59.795830632247096,0.0,1.495830632247099
0,Rat_office_Randy,2016-12-10 23:00:00,58.17,60.63053200095063,0.0,2.4605320009506286
0,Rat_assembly_Pauline,2016-12-10 00:00:00,1.302857142857143,1.03933302871141,0.0,0.26352411414573296
0,Rat_assembly_Pauline,2016-12-10 01:00:00,1.2857142857142858,1.0095981611908051,0.0,0.27611612452348067
0,Rat_assembly_Pauline,2016-12-10 02:00:00,1.268571428571429,1.0943651334005504,0.0,0.1742062951708785
0,Rat_assembly_Pauline,2016-12-10 03:00:00,1.2514285714285711,1.0943651334005504,0.0,0.1570634380280207
0,Rat_assembly_Pauline,2016-12-10 04:00:00,1.2342857142857142,1.0943651334005504,0.0,0.1399205808851638
0,Rat_assembly_Pauline,2016-12-10 05:00:00,1.217142857142857,1.1211468592002547,0.0,0.09599599794260238
0,Rat_assembly_Pauline,2016-12-10 06:00:00,1.2,1.0114428377710594,0.0,0.1885571622289406
0,Rat_assembly_Pauline,2016-12-10 07:00:00,1.08,0.8912833915147365,0.0,0.18871660848526361
0,Rat_assembly_Pauline,2016-12-10 08:00:00,0.84,0.2507822863226946,0.0,0.5892177136773054
0,Rat_assembly_Pauline,2016-12-10 09:00:00,0.8,0.7332064170021584,0.0,0.06679358299784166
0,Rat_assembly_Pauline,2016-12-10 10:00:00,0.72,0.5266800385036658,0.0,0.19331996149633413
0,Rat_assembly_Pauline,2016-12-10 11:00:00,0.74,0.5266800385036658,0.0,0.21331996149633414
0,Rat_assembly_Pauline,2016-12-10 12:00:00,0.76,0.4202828377429426,0.0,0.3397171622570574
0,Rat_assembly_Pauline,2016-12-10 13:00:00,0.78,0.5260685509103276,0.0,0.25393144908967247
0,Rat_assembly_Pauline,2016-12-10 14:00:00,0.7999999999999999,0.5585558254831178,0.0,0.24144417451688216
0,Rat_assembly_Pauline,2016-12-10 15:00:00,0.82,0.9058632901244854,0.0,0.08586329012448546
0,Rat_assembly_Pauline,2016-12-10 16:00:00,0.84,1.3434750461433496,0.0,0.5034750461433496
0,Rat_assembly_Pauline,2016-12-10 17:00:00,0.92,1.6147020901460407,0.0,0.6947020901460407
0,Rat_assembly_Pauline,2016-12-10 18:00:00,1.0933333333333333,1.4546809455579266,0.0,0.36134761222459333
0,Rat_assembly_Pauline,2016-12-10 19:00:00,1.2666666666666666,1.4477090325415114,0.0,0.1810423658748448
0,Rat_assembly_Pauline,2016-12-10 20:00:00,1.44,1.2600539741674366,0.0,0.17994602583256336
0,Rat_assembly_Pauline,2016-12-10 21:00:00,1.417142857142857,1.0550678085760614,0.0,0.3620750485667956
0,Rat_assembly_Pauline,2016-12-10 22:00:00,1.3942857142857144,1.0143108568766563,0.0,0.379974857409058
0,Rat_assembly_Pauline,2016-12-10 23:00:00,1.3714285714285714,1.0993770917807884,0.0,0.2720514796477831
0,Rat_office_Craig,2016-12-10 00:00:00,199.89,196.2860704194083,0.0,3.6039295805916822
0,Rat_office_Craig,2016-12-10 01:00:00,201.09,196.3584478357122,0.0,4.731552164287791
0,Rat_office_Craig,2016-12-10 02:00:00,203.4,196.6101523211591,0.0,6.789847678840914
0,Rat_office_Craig,2016-12-10 03:00:00,203.9,196.35615829298345,0.0,7.543841707016554
0,Rat_office_Craig,2016-12-10 04:00:00,202.91,196.35615829298345,0.0,6.553841707016545
0,Rat_office_Craig,2016-12-10 05:00:00,204.29,195.27087244917527,0.0,9.01912755082472
0,Rat_office_Craig,2016-12-10 06:00:00,203.38,202.34122577383044,0.0,1.0387742261695507
0,Rat_office_Craig,2016-12-10 07:00:00,200.78,197.40220861552226,0.0,3.377791384477746
0,Rat_office_Craig,2016-12-10 08:00:00,175.24,192.44970254080994,0.0,17.20970254080993
0,Rat_office_Craig,2016-12-10 09:00:00,186.04,184.15442127535627,0.0,1.8855787246437217
0,Rat_office_Craig,2016-12-10 10:00:00,186.87,183.87412171714132,0.0,2.9958782828586834
0,Rat_office_Craig,2016-12-10 11:00:00,190.97,173.87439980181657,0.0,17.095600198183433
0,Rat_office_Craig,2016-12-10 12:00:00,187.54,175.4037572911499,0.0,12.13624270885009
0,Rat_office_Craig,2016-12-10 13:00:00,186.76,177.31714358615602,0.0,9.44285641384397
0,Rat_office_Craig,2016-12-10 14:00:00,188.29,175.63728009854202,0.0,12.65271990145797
0,Rat_office_Craig,2016-12-10 15:00:00,186.33,173.68377981470562,0.0,12.646220185294396
0,Rat_office_Craig,2016-12-10 16:00:00,187.54,187.65832206101115,0.0,0.11832206101115617
0,Rat_office_Craig,2016-12-10 17:00:00,185.88,188.856711755604,0.0,2.976711755604015
0,Rat_office_Craig,2016-12-10 18:00:00,205.33,201.7521742332445,0.0,3.5778257667555238
0,Rat_office_Craig,2016-12-10 19:00:00,207.75,202.57706182764053,0.0,5.172938172359466
0,Rat_office_Craig,2016-12-10 20:00:00,201.62,202.71281116505364,0.0,1.0928111650536323
0,Rat_office_Craig,2016-12-10 21:00:00,203.23,197.58246249308326,0.0,5.647537506916734
0,Rat_office_Craig,2016-12-10 22:00:00,203.8,198.2721391772197,0.0,5.527860822780298
0,Rat_office_Craig,2016-12-10 23:00:00,201.82,197.96548866098647,0.0,3.854511339013527
1,Hog_parking_Antoinette,2016-12-17 00:00:00,19.285714285714285,21.53823771387029,0.0,2.2525234281560067
1,Hog_parking_Antoinette,2016-12-17 01:00:00,19.571428571428573,22.768288669692954,0.0,3.1968600982643807
1,Hog_parking_Antoinette,2016-12-17 02:00:00,19.857142857142858,21.55925046523367,0.0,1.702107608090813
1,Hog_parking_Antoinette,2016-12-17 03:00:00,20.142857142857142,21.55925046523367,0.0,1.4163933223765284
1,Hog_parking_Antoinette,2016-12-17 04:00:00,20.428571428571427,22.789301421056333,0.0,2.360729992484906
1,Hog_parking_Antoinette,2016-12-17 05:00:00,20.714285714285715,23.43906000134718,0.0,2.7247742870614644
1,Hog_parking_Antoinette,2016-12-17 06:00:00,21.0,23.51863818549509,0.0,2.5186381854950888
1,Hog_parking_Antoinette,2016-12-17 07:00:00,33.0,28.44873685131321,0.0,4.55126314868679
1,Hog_parking_Antoinette,2016-12-17 08:00:00,36.0,30.615431999888884,0.0,5.384568000111116
1,Hog_parking_Antoinette,2016-12-17 09:00:00,35.0,30.616476780824364,0.0,4.383523219175636
1,Hog_parking_Antoinette,2016-12-17 10:00:00,34.0,30.413605643009216,0.0,3.586394356990784
1,Hog_parking_Antoinette,2016-12-17 11:00:00,33.0,29.878627808305023,0.0,3.1213721916949773
1,Hog_parking_Antoinette,2016-12-17 12:00:00,34.0,30.474401705557735,0.0,3.525598294442265
1,Hog_parking_Antoinette,2016-12-17 13:00:00,33.333333333333336,30.029715286401053,0.0,3.3036180469322822
1,Hog_parking_Antoinette,2016-12-17 14:00:00,32.666666666666664,30.02453914536463,0.0,2.642127521302033
1,Hog_parking_Antoinette,2016-12-17 15:00:00,32.0,27.567038619384203,0.0,4.432961380615797
1,Hog_parking_Antoinette,2016-12-17 16:00:00,31.0,27.435676717836202,0.0,3.564323282163798
1,Hog_parking_Antoinette,2016-12-17 17:00:00,28.0,27.40982862846752,0.0,0.590171371532481
1,Hog_parking_Antoinette,2016-12-17 18:00:00,19.0,21.186398002355027,0.0,2.186398002355027
1,Hog_parking_Antoinette,2016-12-17 19:00:00,19.0,21.296129285919488,0.0,2.2961292859194877
1,Hog_parking_Antoinette,2016-12-17 20:00:00,19.0,21.296129285919488,0.0,2.2961292859194877
1,Hog_parking_Antoinette,2016-12-17 21:00:00,19.0,21.296129285919488,0.0,2.2961292859194877
1,Hog_parking_Antoinette,2016-12-17 22:00:00,19.0,21.34326012503966,0.0,2.3432601250396594
1,Hog_parking_Antoinette,2016-12-17 23:00:00,18.0,20.744051410234388,0.0,2.7440514102343876
1,Fox_office_Vicki,2016-12-17 00:00:00,111.23,120.5594569250235,1.0,9.329456925023493
1,Fox_office_Vicki,2016-12-17 01:00:00,109.94,120.5594569250235,0.0,10.6194569250235
1,Fox_office_Vicki,2016-12-17 02:00:00,103.0,118.330055530254,0.0,15.330055530254
1,Fox_office_Vicki,2016-12-17 03:00:00,98.64,115.72131229055519,0.0,17.08131229055519
1,Fox_office_Vicki,2016-12-17 04:00:00,96.87,116.98342082684586,0.0,20.113420826845854
1,Fox_office_Vicki,2016-12-17 05:00:00,96.48,117.26219423118602,0.0,20.78219423118601
1,Fox_office_Vicki,2016-12-17 06:00:00,99.46,107.31029709509822,0.0,7.850297095098227
1,Fox_office_Vicki,2016-12-17 07:00:00,103.76,117.59351753748848,0.0,13.833517537488476
1,Fox_office_Vicki,2016-12-17 08:00:00,106.44,119.13890361299799,0.0,12.698903612997995
1,Fox_office_Vicki,2016-12-17 09:00:00,110.3,140.86127905513328,0.0,30.561279055133284
1,Fox_office_Vicki,2016-12-17 10:00:00,112.04,139.27531602245625,0.0,27.235316022456246
1,Fox_office_Vicki,2016-12-17 11:00:00,117.59,123.88958047263648,0.0,6.299580472636478
1,Fox_office_Vicki,2016-12-17 12:00:00,108.95,124.73006639539923,0.0,15.780066395399231
1,Fox_office_Vicki,2016-12-17 13:00:00,106.83,126.67150592843709,0.0,19.841505928437087
1,Fox_office_Vicki,2016-12-17 14:00:00,114.96,130.8882557057936,0.0,15.928255705793603
1,Fox_office_Vicki,2016-12-17 15:00:00,119.7,130.3134195626525,0.0,10.61341956265251
1,Fox_office_Vicki,2016-12-17 16:00:00,121.55,125.90033295370667,0.0,4.350332953706669
1,Fox_office_Vicki,2016-12-17 17:00:00,111.75,125.11182870684847,0.0,13.36182870684847
1,Fox_office_Vicki,2016-12-17 18:00:00,106.2,112.51097868501553,0.0,6.310978685015527
1,Fox_office_Vicki,2016-12-17 19:00:00,104.33,108.9286921361916,0.0,4.598692136191602
1,Fox_office_Vicki,2016-12-17 20:00:00,99.3,110.35001384112512,0.0,11.050013841125121
1,Fox_office_Vicki,2016-12-17 21:00:00,98.61,104.92384680010424,0.0,6.313846800104244
1,Fox_office_Vicki,2016-12-17 22:00:00,99.38,74.65484915768076,0.0,24.725150842319238
1,Fox_office_Vicki,2016-12-17 23:00:00,103.38,89.75308094806348,0.0,13.626919051936511
1,Fox_office_Joy,2016-12-17 00:00:00,136.75,136.55953288496673,1.0,0.19046711503327174
1,Fox_office_Joy,2016-12-17 01:00:00,132.85,128.91288077836205,0.0,3.9371192216379427
1,Fox_office_Joy,2016-12-17 02:00:00,140.75,131.59094447452443,0.0,9.159055525475566
1,Fox_office_Joy,2016-12-17 03:00:00,136.07,131.59094447452443,0.0,4.479055525475559
1,Fox_office_Joy,2016-12-17 04:00:00,134.62,127.65951642113612,0.0,6.960483578863887
1,Fox_office_Joy,2016-12-17 05:00:00,133.35,127.67221392639902,0.0,5.67778607360097
1,Fox_office_Joy,2016-12-17 06:00:00,130.51,126.58950507465133,0.0,3.920494925348663
1,Fox_office_Joy,2016-12-17 07:00:00,125.85,136.81851205671492,0.0,10.968512056714928
1,Fox_office_Joy,2016-12-17 08:00:00,128.03,151.10885031470536,0.0,23.078850314705363
1,Fox_office_Joy,2016-12-17 09:00:00,137.59,156.0065737426209,0.0,18.416573742620898
1,Fox_office_Joy,2016-12-17 10:00:00,146.31,158.61806865175714,0.0,12.30806865175714
1,Fox_office_Joy,2016-12-17 11:00:00,150.62,166.66644770509524,0.0,16.046447705095233
1,Fox_office_Joy,2016-12-17 12:00:00,155.24,166.56757373076027,0.0,11.327573730760264
1,Fox_office_Joy,2016-12-17 13:00:00,153.62,169.87255247142977,0.0,16.252552471429766
1,Fox_office_Joy,2016-12-17 14:00:00,150.67,168.92455192955666,0.0,18.25455192955667
1,Fox_office_Joy,2016-12-17 15:00:00,147.67,159.47300780192356,0.0,11.80300780192357
1,Fox_office_Joy,2016-12-17 16:00:00,144.81,151.74548902582853,0.0,6.935489025828531
1,Fox_office_Joy,2016-12-17 17:00:00,141.76,148.82999980251864,0.0,7.069999802518652
1,Fox_office_Joy,2016-12-17 18:00:00,146.12,144.16026367741534,0.0,1.9597363225846607
1,Fox_office_Joy,2016-12-17 19:00:00,144.51,144.38982652461667,0.0,0.12017347538332501
1,Fox_office_Joy,2016-12-17 20:00:00,138.13,141.0077895750577,0.0,2.8777895750577045
1,Fox_office_Joy,2016-12-17 21:00:00,131.8,137.82024455176239,0.0,6.020244551762374
1,Fox_office_Joy,2016-12-17 22:00:00,132.4,105.25345374263622,0.0,27.14654625736378
1,Fox_office_Joy,2016-12-17 23:00:00,134.17,116.16620531820438,0.0,18.00379468179561
1,Hog_services_Marshall,2016-12-17 00:00:00,64.512,60.14750531272788,0.0,4.364494687272121
1,Hog_services_Marshall,2016-12-17 01:00:00,62.575,58.75100395873086,0.0,3.8239960412691403
1,Hog_services_Marshall,2016-12-17 02:00:00,58.687,58.30277477239153,0.0,0.3842252276084679
1,Hog_services_Marshall,2016-12-17 03:00:00,59.944,57.772902836401045,0.0,2.171097163598958
1,Hog_services_Marshall,2016-12-17 04:00:00,62.294,58.49075094343232,0.0,3.8032490565676795
1,Hog_services_Marshall,2016-12-17 05:00:00,63.101000000000006,57.62477377469645,0.0,5.476226225303556
1,Hog_services_Marshall,2016-12-17 06:00:00,63.474,60.35454176844053,0.0,3.11945823155947
1,Hog_services_Marshall,2016-12-17 07:00:00,63.292,65.8696797375698,0.0,2.5776797375697953
1,Hog_services_Marshall,2016-12-17 08:00:00,64.189,65.24611018299704,0.0,1.0571101829970502
1,Hog_services_Marshall,2016-12-17 09:00:00,63.828,63.704708687909445,0.0,0.12329131209055788
1,Hog_services_Marshall,2016-12-17 10:00:00,62.577,62.43217390902611,0.0,0.14482609097388632
1,Hog_services_Marshall,2016-12-17 11:00:00,60.858,62.49749391264468,0.0,1.6394939126446815
1,Hog_services_Marshall,2016-12-17 12:00:00,60.82100000000001,63.19248165529258,0.0,2.3714816552925697
1,Hog_services_Marshall,2016-12-17 13:00:00,60.558,64.2670921505961,0.0,3.709092150596099
1,Hog_services_Marshall,2016-12-17 14:00:00,60.39,62.73254785960093,0.0,2.342547859600927
1,Hog_services_Marshall,2016-12-17 15:00:00,60.842,62.73254785960093,0.0,1.8905478596009289
1,Hog_services_Marshall,2016-12-17 16:00:00,62.453,64.82702844744544,0.0,2.37402844744544
1,Hog_services_Marshall,2016-12-17 17:00:00,59.879,59.176985142942904,0.0,0.7020148570570939
1,Hog_services_Marshall,2016-12-17 18:00:00,60.199,59.513326147612766,0.0,0.6856738523872323
1,Hog_services_Marshall,2016-12-17 19:00:00,60.228,60.128030572981395,0.0,0.0999694270186069
1,Hog_services_Marshall,2016-12-17 20:00:00,60.817,60.93395679757328,0.0,0.11695679757328037
1,Hog_services_Marshall,2016-12-17 21:00:00,60.413,59.325060899997325,0.0,1.0879391000026715
1,Hog_services_Marshall,2016-12-17 22:00:00,60.034,59.31780762414834,0.0,0.7161923758516622
1,Hog_services_Marshall,2016-12-17 23:00:00,59.82,59.38084969639112,0.0,0.4391503036088835
1,Bull_office_Ella,2016-12-17 00:00:00,77.33333333333333,78.3972830675837,0.0,1.0639497342503716
1,Bull_office_Ella,2016-12-17 01:00:00,77.66666666666667,80.15981268490373,0.0,2.4931460182370557
1,Bull_office_Ella,2016-12-17 02:00:00,78.0,78.41829581894704,0.0,0.41829581894704404
1,Bull_office_Ella,2016-12-17 03:00:00,78.33333333333333,80.18082543626707,0.0,1.8474921029337423
1,Bull_office_Ella,2016-12-17 04:00:00,78.66666666666667,79.82890819945642,0.0,1.16224153278975
1,Bull_office_Ella,2016-12-17 05:00:00,79.0,83.20090600752954,0.0,4.2009060075295395
1,Bull_office_Ella,2016-12-17 06:00:00,75.0,92.7013080182341,0.0,17.7013080182341
1,Bull_office_Ella,2016-12-17 07:00:00,77.0,83.31452742060222,0.0,6.314527420602218
1,Bull_office_Ella,2016-12-17 08:00:00,63.0,67.78704092866535,0.0,4.787040928665348
1,Bull_office_Ella,2016-12-17 09:00:00,54.0,59.38745210197249,0.0,5.387452101972492
1,Bull_office_Ella,2016-12-17 10:00:00,53.0,60.23387352991704,0.0,7.233873529917041
1,Bull_office_Ella,2016-12-17 11:00:00,53.0,57.494355352746545,0.0,4.494355352746545
1,Bull_office_Ella,2016-12-17 12:00:00,53.0,59.1290329919611,0.0,6.129032991961097
1,Bull_office_Ella,2016-12-17 13:00:00,53.0,76.4190893913004,0.0,23.419089391300403
1,Bull_office_Ella,2016-12-17 14:00:00,53.0,86.9578747940279,0.0,33.9578747940279
1,Bull_office_Ella,2016-12-17 15:00:00,53.0,88.87760821047443,0.0,35.877608210474435
1,Bull_office_Ella,2016-12-17 16:00:00,54.0,74.24820569878332,0.0,20.248205698783323
1,Bull_office_Ella,2016-12-17 17:00:00,49.0,70.48225903184793,0.0,21.48225903184793
1,Bull_office_Ella,2016-12-17 18:00:00,55.0,74.10030765306644,0.0,19.100307653066437
1,Bull_office_Ella,2016-12-17 19:00:00,56.0,94.68970912937768,0.0,38.689709129377675
1,Bull_office_Ella,2016-12-17 20:00:00,76.0,93.01751523533463,0.0,17.017515235334628
1,Bull_office_Ella,2016-12-17 21:00:00,77.0,91.00728698002213,0.0,14.00728698002213
1,Bull_office_Ella,2016-12-17 22:00:00,78.0,90.66688278032308,0.0,12.666882780323078
1,Bull_office_Ella,2016-12-17 23:00:00,79.0,81.44263100552305,0.0,2.4426310055230545
1,Fox_education_Elvira,2016-12-17 00:00:00,116.35,119.36776348346167,1.0,3.017763483461678
1,Fox_education_Elvira,2016-12-17 01:00:00,118.56,118.75410175324141,0.0,0.1941017532414122
1,Fox_education_Elvira,2016-12-17 02:00:00,117.68,119.36513361622198,0.0,1.6851336162219752
1,Fox_education_Elvira,2016-12-17 03:00:00,117.49,119.26206445250857,0.0,1.7720644525085731
1,Fox_education_Elvira,2016-12-17 04:00:00,119.47,120.9285159942115,0.0,1.4585159942114956
1,Fox_education_Elvira,2016-12-17 05:00:00,155.01,181.54690547631165,0.0,26.53690547631166
1,Fox_education_Elvira,2016-12-17 06:00:00,259.41,200.0061528943094,0.0,59.40384710569063
1,Fox_education_Elvira,2016-12-17 07:00:00,310.93,205.23312885113833,0.0,105.69687114886167
1,Fox_education_Elvira,2016-12-17 08:00:00,296.25,205.42586241108657,0.0,90.82413758891343
1,Fox_education_Elvira,2016-12-17 09:00:00,288.82,204.80696810492788,0.0,84.01303189507212
1,Fox_education_Elvira,2016-12-17 10:00:00,286.26,202.53378921574276,0.0,83.72621078425723
1,Fox_education_Elvira,2016-12-17 11:00:00,258.0,195.2478835561526,0.0,62.7521164438474
1,Fox_education_Elvira,2016-12-17 12:00:00,245.43,190.87778651462412,0.0,54.55221348537589
1,Fox_education_Elvira,2016-12-17 13:00:00,237.48,183.5557320065042,0.0,53.92426799349579
1,Fox_education_Elvira,2016-12-17 14:00:00,226.74,173.95670208241637,0.0,52.78329791758364
1,Fox_education_Elvira,2016-12-17 15:00:00,221.89,171.38219022237269,0.0,50.5078097776273
1,Fox_education_Elvira,2016-12-17 16:00:00,212.92,170.89470505145104,0.0,42.02529494854895
1,Fox_education_Elvira,2016-12-17 17:00:00,216.14,171.5385022466327,0.0,44.60149775336728
1,Fox_education_Elvira,2016-12-17 18:00:00,219.14,172.6011706381108,0.0,46.538829361889185
1,Fox_education_Elvira,2016-12-17 19:00:00,214.15,172.19185957329688,0.0,41.958140426703125
1,Fox_education_Elvira,2016-12-17 20:00:00,221.49,168.28102394764292,0.0,53.20897605235709
1,Fox_education_Elvira,2016-12-17 21:00:00,159.04,131.6301349342864,0.0,27.409865065713603
1,Fox_education_Elvira,2016-12-17 22:00:00,135.73,88.63826000556139,0.0,47.0917399944386
1,Fox_education_Elvira,2016-12-17 23:00:00,142.51,105.7846051037683,0.0,36.72539489623169
1,Bull_office_Sally,2016-12-17 00:00:00,60.0,64.18061204071151,0.0,4.180612040711509
1,Bull_office_Sally,2016-12-17 01:00:00,60.0,53.27801710939581,0.0,6.721982890604188
1,Bull_office_Sally,2016-12-17 02:00:00,60.0,55.87424099382377,0.0,4.1257590061762315
1,Bull_office_Sally,2016-12-17 03:00:00,60.0,56.31996946184873,0.0,3.6800305381512715
1,Bull_office_Sally,2016-12-17 04:00:00,58.0,56.143319114271904,0.0,1.856680885728096
1,Bull_office_Sally,2016-12-17 05:00:00,57.0,60.855933131642146,0.0,3.8559331316421463
1,Bull_office_Sally,2016-12-17 06:00:00,58.0,70.68981583966286,0.0,12.689815839662856
1,Bull_office_Sally,2016-12-17 07:00:00,59.0,88.59646608520218,0.0,29.59646608520218
1,Bull_office_Sally,2016-12-17 08:00:00,58.66666666666666,86.87093283037363,0.0,28.204266163706976
1,Bull_office_Sally,2016-12-17 09:00:00,58.333333333333336,90.45643929828309,0.0,32.12310596494975
1,Bull_office_Sally,2016-12-17 10:00:00,58.0,101.4014724616816,0.0,43.40147246168161
1,Bull_office_Sally,2016-12-17 11:00:00,92.0,113.24965907295808,0.0,21.24965907295808
1,Bull_office_Sally,2016-12-17 12:00:00,94.0,110.4031637247002,0.0,16.403163724700207
1,Bull_office_Sally,2016-12-17 13:00:00,95.0,110.86087277226639,0.0,15.86087277226639
1,Bull_office_Sally,2016-12-17 14:00:00,107.0,113.03922896728858,0.0,6.0392289672885795
1,Bull_office_Sally,2016-12-17 15:00:00,113.0,137.1973933013222,0.0,24.197393301322194
1,Bull_office_Sally,2016-12-17 16:00:00,112.0,106.34215690851698,0.0,5.6578430914830165
1,Bull_office_Sally,2016-12-17 17:00:00,103.0,113.56606317812256,0.0,10.566063178122562
1,Bull_office_Sally,2016-12-17 18:00:00,108.0,110.0979732734753,0.0,2.0979732734753043
1,Bull_office_Sally,2016-12-17 19:00:00,110.0,158.05188295473795,0.0,48.05188295473795
1,Bull_office_Sally,2016-12-17 20:00:00,109.33333333333331,184.9082306592492,0.0,75.57489732591588
1,Bull_office_Sally,2016-12-17 21:00:00,108.66666666666669,146.11405731636563,0.0,37.447390649698946
1,Bull_office_Sally,2016-12-17 22:00:00,108.0,157.53127728143616,0.0,49.53127728143616
1,Bull_office_Sally,2016-12-17 23:00:00,114.0,153.33259634680178,0.0,39.33259634680178
1,Fox_education_Charles,2016-12-17 00:00:00,8.06,9.904862261504137,0.0,1.8448622615041366
1,Fox_education_Charles,2016-12-17 01:00:00,8.879999999999999,9.904862261504137,0.0,1.024862261504138
1,Fox_education_Charles,2016-12-17 02:00:00,9.7,8.924344658884609,0.0,0.7756553411153906
1,Fox_education_Charles,2016-12-17 03:00:00,9.64,9.925875012867511,0.0,0.2858750128675105
1,Fox_education_Charles,2016-12-17 04:00:00,9.85,9.925875012867511,0.0,0.07587501286751142
1,Fox_education_Charles,2016-12-17 05:00:00,9.73,9.971699803998993,0.0,0.24169980399899238
1,Fox_education_Charles,2016-12-17 06:00:00,9.64,9.93256262895526,0.0,0.29256262895525964
1,Fox_education_Charles,2016-12-17 07:00:00,8.7,9.91594346534625,0.0,1.2159434653462515
1,Fox_education_Charles,2016-12-17 08:00:00,8.09,9.964813944084533,0.0,1.8748139440845328
1,Fox_education_Charles,2016-12-17 09:00:00,8.4,10.048219411140936,0.0,1.6482194111409356
1,Fox_education_Charles,2016-12-17 10:00:00,7.95,10.127920189005414,0.0,2.1779201890054134
1,Fox_education_Charles,2016-12-17 11:00:00,8.0,10.127920189005414,0.0,2.1279201890054136
1,Fox_education_Charles,2016-12-17 12:00:00,8.33,13.957887848255277,0.0,5.627887848255277
1,Fox_education_Charles,2016-12-17 13:00:00,8.03,12.327565837328578,0.0,4.2975658373285786
1,Fox_education_Charles,2016-12-17 14:00:00,8.28,13.10544086407662,0.0,4.82544086407662
1,Fox_education_Charles,2016-12-17 15:00:00,8.01,10.00432909147624,0.0,1.9943290914762404
1,Fox_education_Charles,2016-12-17 16:00:00,8.39,9.170738906870174,0.0,0.7807389068701731
1,Fox_education_Charles,2016-12-17 17:00:00,8.82,10.160485577125822,0.0,1.340485577125822
1,Fox_education_Charles,2016-12-17 18:00:00,9.04,10.178365206350682,0.0,1.1383652063506826
1,Fox_education_Charles,2016-12-17 19:00:00,9.41,10.216241915778564,0.0,0.8062419157785641
1,Fox_education_Charles,2016-12-17 20:00:00,9.14,10.193423794687762,0.0,1.0534237946877614
1,Fox_education_Charles,2016-12-17 21:00:00,9.09,10.193423794687762,0.0,1.103423794687762
1,Fox_education_Charles,2016-12-17 22:00:00,9.21,5.909525674429717,0.0,3.300474325570284
1,Fox_education_Charles,2016-12-17 23:00:00,9.5,8.392554169403985,0.0,1.1074458305960153
1,Bear_education_Chad,2016-12-17 00:00:00,875.6208,855.2341503987784,0.0,20.38664960122162
1,Bear_education_Chad,2016-12-17 01:00:00,869.1079,852.0193768029119,0.0,17.08852319708808
1,Bear_education_Chad,2016-12-17 02:00:00,868.2346,864.7807597174298,0.0,3.4538402825702406
1,Bear_education_Chad,2016-12-17 03:00:00,862.5717,851.56365031359,0.0,11.008049686410004
1,Bear_education_Chad,2016-12-17 04:00:00,858.5024,866.4303595754706,0.0,7.927959575470595
1,Bear_education_Chad,2016-12-17 05:00:00,900.7381,901.6766901208034,0.0,0.9385901208033829
1,Bear_education_Chad,2016-12-17 06:00:00,906.869,922.3006746741912,0.0,15.431674674191186
1,Bear_education_Chad,2016-12-17 07:00:00,916.5328,936.4124120940486,0.0,19.87961209404864
1,Bear_education_Chad,2016-12-17 08:00:00,930.3308,959.0238508365768,0.0,28.693050836576845
1,Bear_education_Chad,2016-12-17 09:00:00,953.2372,966.0706306533232,0.0,12.833430653323148
1,Bear_education_Chad,2016-12-17 10:00:00,960.0086,982.3421049824597,0.0,22.333504982459658
1,Bear_education_Chad,2016-12-17 11:00:00,959.9551,983.1008245186384,0.0,23.145724518638417
1,Bear_education_Chad,2016-12-17 12:00:00,956.1426,1001.3036483851524,0.0,45.16104838515241
1,Bear_education_Chad,2016-12-17 13:00:00,972.6955,1001.002488421937,0.0,28.30698842193692
1,Bear_education_Chad,2016-12-17 14:00:00,958.3309,1003.2038480077799,0.0,44.87294800777988
1,Bear_education_Chad,2016-12-17 15:00:00,974.0559,992.6196450344592,0.0,18.563745034459203
1,Bear_education_Chad,2016-12-17 16:00:00,956.1083,994.3014985918221,0.0,38.193198591822124
1,Bear_education_Chad,2016-12-17 17:00:00,939.6853,963.9484950155335,0.0,24.263195015533483
1,Bear_education_Chad,2016-12-17 18:00:00,916.2607,959.0183725574208,0.0,42.75767255742073
1,Bear_education_Chad,2016-12-17 19:00:00,915.0267,932.6086145111177,0.0,17.581914511117702
1,Bear_education_Chad,2016-12-17 20:00:00,907.3176,926.5826436279112,0.0,19.26504362791127
1,Bear_education_Chad,2016-12-17 21:00:00,895.5417,918.6860370961382,0.0,23.1443370961382
1,Bear_education_Chad,2016-12-17 22:00:00,898.0066,893.4512055019948,0.0,4.555394498005285
1,Bear_education_Chad,2016-12-17 23:00:00,883.0911,892.3622594798028,0.0,9.271159479802805
1,Rat_office_Lora,2016-12-17 00:00:00,260.18,265.11012255726814,0.0,4.930122557268135
1,Rat_office_Lora,2016-12-17 01:00:00,260.34,283.6203602029203,0.0,23.28036020292035
1,Rat_office_Lora,2016-12-17 02:00:00,256.83,286.57814696516715,0.0,29.748146965167166
1,Rat_office_Lora,2016-12-17 03:00:00,251.69,327.83797118679786,0.0,76.14797118679786
1,Rat_office_Lora,2016-12-17 04:00:00,255.45,328.6767170891625,0.0,73.22671708916249
1,Rat_office_Lora,2016-12-17 05:00:00,275.94,301.9517375065477,0.0,26.011737506547718
1,Rat_office_Lora,2016-12-17 06:00:00,284.1,290.24020640862807,0.0,6.140206408628046
1,Rat_office_Lora,2016-12-17 07:00:00,285.36,337.95961396937156,0.0,52.599613969371546
1,Rat_office_Lora,2016-12-17 08:00:00,290.46,378.8911503476089,0.0,88.43115034760893
1,Rat_office_Lora,2016-12-17 09:00:00,308.1,396.2560491090077,0.0,88.15604910900765
1,Rat_office_Lora,2016-12-17 10:00:00,300.73,355.00646725612665,0.0,54.27646725612664
1,Rat_office_Lora,2016-12-17 11:00:00,301.91,282.86119000800767,0.0,19.048809991992357
1,Rat_office_Lora,2016-12-17 12:00:00,298.85,262.0835716816407,0.0,36.76642831835932
1,Rat_office_Lora,2016-12-17 13:00:00,298.34,262.1956515611885,0.0,36.14434843881145
1,Rat_office_Lora,2016-12-17 14:00:00,294.3,263.99420628159,0.0,30.30579371841003
1,Rat_office_Lora,2016-12-17 15:00:00,283.51,263.8892015297565,0.0,19.62079847024347
1,Rat_office_Lora,2016-12-17 16:00:00,284.83,266.52365307036587,0.0,18.306346929634117
1,Rat_office_Lora,2016-12-17 17:00:00,257.77,261.78019434212945,0.0,4.010194342129466
1,Rat_office_Lora,2016-12-17 18:00:00,262.55,249.2911823339485,0.0,13.258817666051499
1,Rat_office_Lora,2016-12-17 19:00:00,272.7,312.1180203564553,0.0,39.418020356455315
1,Rat_office_Lora,2016-12-17 20:00:00,270.81,302.61867046450294,0.0,31.80867046450294
1,Rat_office_Lora,2016-12-17 21:00:00,264.96,308.04014946277624,0.0,43.08014946277626
1,Rat_office_Lora,2016-12-17 22:00:00,268.84,306.46079351455995,0.0,37.62079351455998
1,Rat_office_Lora,2016-12-17 23:00:00,249.91,300.8860141367691,0.0,50.97601413676912
1,Rat_office_Adele,2016-12-17 00:00:00,306.56,275.0741956735822,0.0,31.485804326417792
1,Rat_office_Adele,2016-12-17 01:00:00,275.34,297.30476755265084,0.0,21.96476755265087
1,Rat_office_Adele,2016-12-17 02:00:00,300.13,278.3699526417442,0.0,21.760047358255804
1,Rat_office_Adele,2016-12-17 03:00:00,279.1,273.7895889044446,0.0,5.310411095555423
1,Rat_office_Adele,2016-12-17 04:00:00,286.93,267.78172647626536,0.0,19.148273523734645
1,Rat_office_Adele,2016-12-17 05:00:00,307.17,346.89343463083225,0.0,39.72343463083223
1,Rat_office_Adele,2016-12-17 06:00:00,330.89,380.9559871018405,0.0,50.065987101840506
1,Rat_office_Adele,2016-12-17 07:00:00,324.05,403.8882790409055,0.0,79.83827904090549
1,Rat_office_Adele,2016-12-17 08:00:00,317.38,468.6531112183056,0.0,151.2731112183056
1,Rat_office_Adele,2016-12-17 09:00:00,324.73,448.92263855824723,0.0,124.19263855824721
1,Rat_office_Adele,2016-12-17 10:00:00,311.35,477.2413010018298,0.0,165.8913010018298
1,Rat_office_Adele,2016-12-17 11:00:00,330.97,447.55624968569754,0.0,116.58624968569751
1,Rat_office_Adele,2016-12-17 12:00:00,304.78,444.25271191175375,0.0,139.47271191175378
1,Rat_office_Adele,2016-12-17 13:00:00,323.61,459.6237555936193,0.0,136.0137555936193
1,Rat_office_Adele,2016-12-17 14:00:00,304.73,429.1718260005739,0.0,124.44182600057388
1,Rat_office_Adele,2016-12-17 15:00:00,297.36,436.97852049090653,0.0,139.61852049090652
1,Rat_office_Adele,2016-12-17 16:00:00,280.87,436.30761043419136,0.0,155.43761043419136
1,Rat_office_Adele,2016-12-17 17:00:00,265.64,434.4817099847952,0.0,168.84170998479522
1,Rat_office_Adele,2016-12-17 18:00:00,269.71,475.159654048265,0.0,205.44965404826502
1,Rat_office_Adele,2016-12-17 19:00:00,260.41,377.6155565933183,0.0,117.20555659331825
1,Rat_office_Adele,2016-12-17 20:00:00,253.66,371.8391053569898,0.0,118.17910535698982
1,Rat_office_Adele,2016-12-17 21:00:00,276.29,378.51955899706167,0.0,102.22955899706164
1,Rat_office_Adele,2016-12-17 22:00:00,252.52,378.6145514236634,0.0,126.09455142366338
1,Rat_office_Adele,2016-12-17 23:00:00,279.53,376.8948584767749,0.0,97.36485847677494
1,Rat_assembly_Kelley,2016-12-17 00:00:00,6.68,7.2876904838606436,0.0,0.6076904838606438
1,Rat_assembly_Kelley,2016-12-17 01:00:00,6.32,7.2876904838606436,0.0,0.9676904838606433
1,Rat_assembly_Kelley,2016-12-17 02:00:00,6.96,8.151483152609092,0.0,1.1914831526090923
1,Rat_assembly_Kelley,2016-12-17 03:00:00,6.8,8.151483152609092,0.0,1.3514831526090925
1,Rat_assembly_Kelley,2016-12-17 04:00:00,6.12,7.308703235224019,0.0,1.1887032352240192
1,Rat_assembly_Kelley,2016-12-17 05:00:00,6.24,7.318291913818953,0.0,1.078291913818953
1,Rat_assembly_Kelley,2016-12-17 06:00:00,6.44,7.279154738775219,0.0,0.8391547387752185
1,Rat_assembly_Kelley,2016-12-17 07:00:00,5.88,8.105315492551286,0.0,2.225315492551286
1,Rat_assembly_Kelley,2016-12-17 08:00:00,6.44,7.2971373799842665,0.0,0.8571373799842661
1,Rat_assembly_Kelley,2016-12-17 09:00:00,5.88,6.064793093911995,0.0,0.1847930939119955
1,Rat_assembly_Kelley,2016-12-17 10:00:00,5.56,7.037367216045208,0.0,1.4773672160452085
1,Rat_assembly_Kelley,2016-12-17 11:00:00,5.8,5.745667832245531,0.0,0.054332167754468585
1,Rat_assembly_Kelley,2016-12-17 12:00:00,5.36,7.039852961801811,0.0,1.679852961801811
1,Rat_assembly_Kelley,2016-12-17 13:00:00,5.48,5.955065627133497,0.0,0.475065627133497
1,Rat_assembly_Kelley,2016-12-17 14:00:00,5.16,8.022977094449612,0.0,2.8629770944496116
1,Rat_assembly_Kelley,2016-12-17 15:00:00,5.88,6.005118426848697,0.0,0.12511842684869734
1,Rat_assembly_Kelley,2016-12-17 16:00:00,5.653333333333333,6.105369025834283,0.0,0.45203569250094944
1,Rat_assembly_Kelley,2016-12-17 17:00:00,5.426666666666667,6.151895658898951,0.0,0.7252289922322843
1,Rat_assembly_Kelley,2016-12-17 18:00:00,5.2,7.403164355131562,0.0,2.2031643551315616
1,Rat_assembly_Kelley,2016-12-17 19:00:00,5.44,7.441041064559446,0.0,2.0010410645594456
1,Rat_assembly_Kelley,2016-12-17 20:00:00,5.6,6.1848338764608926,0.0,0.5848338764608929
1,Rat_assembly_Kelley,2016-12-17 21:00:00,5.92,6.1848338764608926,0.0,0.2648338764608926
1,Rat_assembly_Kelley,2016-12-17 22:00:00,5.68,6.1353211307016,0.0,0.4553211307016003
1,Rat_assembly_Kelley,2016-12-17 23:00:00,6.04,6.178761776785809,0.0,0.1387617767858087
1,Rat_public_Julieann,2016-12-17 00:00:00,1.231666666666667,1.0873793258565796,0.0,0.14428734081008732
1,Rat_public_Julieann,2016-12-17 01:00:00,1.2125,1.0873793258565796,0.0,0.12512067414342032
1,Rat_public_Julieann,2016-12-17 02:00:00,1.1933333333333334,1.1083920772199543,0.0,0.0849412561133791
1,Rat_public_Julieann,2016-12-17 03:00:00,1.1741666666666668,1.1083920772199543,0.0,0.06577458944671255
1,Rat_public_Julieann,2016-12-17 04:00:00,1.155,1.1083920772199543,0.0,0.046607922780045774
1,Rat_public_Julieann,2016-12-17 05:00:00,1.1358333333333333,1.2896317845613692,0.0,0.15379845122803593
1,Rat_public_Julieann,2016-12-17 06:00:00,1.1166666666666667,1.2504946095176357,0.0,0.133827942850969
1,Rat_public_Julieann,2016-12-17 07:00:00,1.0975,1.2655650642240248,0.0,0.1680650642240249
1,Rat_public_Julieann,2016-12-17 08:00:00,1.0783333333333334,1.1285158402955995,0.0,0.050182506962266116
1,Rat_public_Julieann,2016-12-17 09:00:00,1.0591666666666666,1.1295606212310798,0.0,0.07039395456441322
1,Rat_public_Julieann,2016-12-17 10:00:00,1.04,0.9991949578205976,0.0,0.040805042179402395
1,Rat_public_Julieann,2016-12-17 11:00:00,0.8914285714285715,0.9991949578205976,0.0,0.10776638639202618
1,Rat_public_Julieann,2016-12-17 12:00:00,0.7428571428571429,1.0599910203691256,0.0,0.31713387751198274
1,Rat_public_Julieann,2016-12-17 13:00:00,0.5942857142857143,1.0963971744257308,0.0,0.5021114601400165
1,Rat_public_Julieann,2016-12-17 14:00:00,0.4457142857142857,1.1464499741409306,0.0,0.7007356884266449
1,Rat_public_Julieann,2016-12-17 15:00:00,0.2971428571428571,1.1464499741409306,0.0,0.8493071169980735
1,Rat_public_Julieann,2016-12-17 16:00:00,0.1485714285714285,1.2284468699452908,1.0,1.0798754413738623
1,Rat_public_Julieann,2016-12-17 17:00:00,0.0,1.2166631862180364,0.0,1.2166631862180364
1,Rat_public_Julieann,2016-12-17 18:00:00,0.254,1.2028531971274978,1.0,0.9488531971274978
1,Rat_public_Julieann,2016-12-17 19:00:00,0.508,1.2407299065553807,0.0,0.7327299065553807
1,Rat_public_Julieann,2016-12-17 20:00:00,0.762,1.2179117854645787,0.0,0.45591178546457867
1,Rat_public_Julieann,2016-12-17 21:00:00,1.016,1.2179117854645787,0.0,0.20191178546457866
1,Rat_public_Julieann,2016-12-17 22:00:00,1.27,1.2659039647015555,0.0,0.004096035298444489
1,Rat_public_Julieann,2016-12-17 23:00:00,1.259090909090909,1.261352431548788,0.0,0.0022615224578790283
1,Bear_education_Lewis,2016-12-17 00:00:00,18.25,17.672469484946056,0.0,0.5775305150539438
1,Bear_education_Lewis,2016-12-17 01:00:00,18.166666666666668,17.672469484946056,0.0,0.49419718172061167
1,Bear_education_Lewis,2016-12-17 02:00:00,18.08333333333333,17.693482236309436,0.0,0.3898510970238931
1,Bear_education_Lewis,2016-12-17 03:00:00,18.0,17.360619314236118,0.0,0.6393806857638822
1,Bear_education_Lewis,2016-12-17 04:00:00,17.916666666666668,17.360619314236118,0.0,0.55604735243055
1,Bear_education_Lewis,2016-12-17 05:00:00,17.833333333333332,17.45833680808971,0.0,0.3749965252436205
1,Bear_education_Lewis,2016-12-17 06:00:00,17.75,17.30169452709498,0.0,0.44830547290501954
1,Bear_education_Lewis,2016-12-17 07:00:00,17.25,17.736369391144727,0.0,0.4863693911447271
1,Bear_education_Lewis,2016-12-17 08:00:00,17.0,18.05338660373073,0.0,1.0533866037307291
1,Bear_education_Lewis,2016-12-17 09:00:00,17.2012,17.932662499995573,0.0,0.7314624999955726
1,Bear_education_Lewis,2016-12-17 10:00:00,17.25,19.81889704000005,0.0,2.5688970400000493
1,Bear_education_Lewis,2016-12-17 11:00:00,17.75,20.261429616954384,0.0,2.511429616954384
1,Bear_education_Lewis,2016-12-17 12:00:00,17.25,19.847019606338225,0.0,2.5970196063382254
1,Bear_education_Lewis,2016-12-17 13:00:00,16.5,20.495012522564785,0.0,3.9950125225647852
1,Bear_education_Lewis,2016-12-17 14:00:00,16.48,20.545065322279992,0.0,4.065065322279992
1,Bear_education_Lewis,2016-12-17 15:00:00,16.46,20.545065322279992,0.0,4.085065322279991
1,Bear_education_Lewis,2016-12-17 16:00:00,16.439999999999998,19.672697159038936,0.0,3.2326971590389384
1,Bear_education_Lewis,2016-12-17 17:00:00,16.419999999999998,20.289931772332185,0.0,3.869931772332187
1,Bear_education_Lewis,2016-12-17 18:00:00,16.4,18.994513560439476,0.0,2.594513560439477
1,Bear_education_Lewis,2016-12-17 19:00:00,16.487499999999997,19.083690562198694,0.0,2.5961905621986965
1,Bear_education_Lewis,2016-12-17 20:00:00,16.575,19.33689705440176,0.0,2.7618970544017607
1,Bear_education_Lewis,2016-12-17 21:00:00,16.6625,18.787983718673765,0.0,2.125483718673763
1,Bear_education_Lewis,2016-12-17 22:00:00,16.75,18.096669126062316,0.0,1.3466691260623165
1,Bear_education_Lewis,2016-12-17 23:00:00,16.5,18.269693403530347,0.0,1.769693403530347
1,Rat_office_Randy,2016-12-17 00:00:00,63.4,57.314519572570525,0.0,6.085480427429474
1,Rat_office_Randy,2016-12-17 01:00:00,65.63,57.71778408061038,0.0,7.912215919389617
1,Rat_office_Randy,2016-12-17 02:00:00,64.18,56.96447744204527,0.0,7.215522557954735
1,Rat_office_Randy,2016-12-17 03:00:00,63.8,56.96447744204527,0.0,6.835522557954725
1,Rat_office_Randy,2016-12-17 04:00:00,63.61,56.89235412966594,0.0,6.71764587033406
1,Rat_office_Randy,2016-12-17 05:00:00,73.63,111.85306947068256,0.0,38.22306947068256
1,Rat_office_Randy,2016-12-17 06:00:00,71.14,111.44599953876877,0.0,40.30599953876877
1,Rat_office_Randy,2016-12-17 07:00:00,71.3,114.09530501116461,0.0,42.795305011164615
1,Rat_office_Randy,2016-12-17 08:00:00,80.04,119.21397797469191,0.0,39.17397797469191
1,Rat_office_Randy,2016-12-17 09:00:00,86.8,124.47599571472259,0.0,37.67599571472259
1,Rat_office_Randy,2016-12-17 10:00:00,88.49,125.3444406977875,0.0,36.85444069778751
1,Rat_office_Randy,2016-12-17 11:00:00,89.08,128.00658203070714,0.0,38.92658203070714
1,Rat_office_Randy,2016-12-17 12:00:00,89.89,127.47375282082639,0.0,37.58375282082639
1,Rat_office_Randy,2016-12-17 13:00:00,94.95,127.05551549041226,0.0,32.10551549041226
1,Rat_office_Randy,2016-12-17 14:00:00,98.17,128.4295856121384,0.0,30.259585612138395
1,Rat_office_Randy,2016-12-17 15:00:00,97.36,128.96328803736546,0.0,31.60328803736546
1,Rat_office_Randy,2016-12-17 16:00:00,95.55,132.5153978459561,0.0,36.965397845956105
1,Rat_office_Randy,2016-12-17 17:00:00,93.49,130.8578829844458,0.0,37.367882984445814
1,Rat_office_Randy,2016-12-17 18:00:00,91.27,126.91158254527245,0.0,35.641582545272456
1,Rat_office_Randy,2016-12-17 19:00:00,88.79,119.88406099041548,0.0,31.09406099041547
1,Rat_office_Randy,2016-12-17 20:00:00,85.05,117.6608489503272,0.0,32.61084895032721
1,Rat_office_Randy,2016-12-17 21:00:00,74.13,96.07897801933441,0.0,21.94897801933442
1,Rat_office_Randy,2016-12-17 22:00:00,74.69,96.28603976065975,0.0,21.59603976065975
1,Rat_office_Randy,2016-12-17 23:00:00,75.53,96.80454577555481,0.0,21.274545775554813
1,Rat_assembly_Pauline,2016-12-17 00:00:00,1.44,1.3842514278386497,0.0,0.05574857216135021
1,Rat_assembly_Pauline,2016-12-17 01:00:00,1.43,1.3842514278386497,0.0,0.0457485721613502
1,Rat_assembly_Pauline,2016-12-17 02:00:00,1.42,1.4052641792020244,0.0,0.01473582079797553
1,Rat_assembly_Pauline,2016-12-17 03:00:00,1.41,1.4052641792020244,0.0,0.004735820797975521
1,Rat_assembly_Pauline,2016-12-17 04:00:00,1.4,1.4052641792020244,0.0,0.005264179202024488
1,Rat_assembly_Pauline,2016-12-17 05:00:00,1.36,1.343829235366643,0.0,0.016170764633357093
1,Rat_assembly_Pauline,2016-12-17 06:00:00,1.28,1.3046920603229089,0.0,0.024692060322908826
1,Rat_assembly_Pauline,2016-12-17 07:00:00,1.16,1.0716137263966012,0.0,0.08838627360339868
1,Rat_assembly_Pauline,2016-12-17 08:00:00,0.96,1.1179715979150873,0.0,0.1579715979150873
1,Rat_assembly_Pauline,2016-12-17 09:00:00,0.92,1.1190163788505676,0.0,0.19901637885056755
1,Rat_assembly_Pauline,2016-12-17 10:00:00,0.912,0.9494006073697803,0.0,0.03740060736978024
1,Rat_assembly_Pauline,2016-12-17 11:00:00,0.904,1.0411383161199406,0.0,0.13713831611994054
1,Rat_assembly_Pauline,2016-12-17 12:00:00,0.896,1.1353071992880317,0.0,0.23930719928803168
1,Rat_assembly_Pauline,2016-12-17 13:00:00,0.888,1.2507622158334701,0.0,0.3627622158334701
1,Rat_assembly_Pauline,2016-12-17 14:00:00,0.88,1.5673344227041124,0.0,0.6873344227041124
1,Rat_assembly_Pauline,2016-12-17 15:00:00,0.72,1.6140413412738366,0.0,0.8940413412738366
1,Rat_assembly_Pauline,2016-12-17 16:00:00,0.8,1.7192639481997887,0.0,0.9192639481997886
1,Rat_assembly_Pauline,2016-12-17 17:00:00,0.0,1.7390465780985689,0.0,1.7390465780985689
1,Rat_assembly_Pauline,2016-12-17 18:00:00,1.08,1.7569262073234284,0.0,0.6769262073234283
1,Rat_assembly_Pauline,2016-12-17 19:00:00,1.12,1.6655656083231678,0.0,0.5455656083231677
1,Rat_assembly_Pauline,2016-12-17 20:00:00,1.2,1.4587584699353413,0.0,0.25875846993534135
1,Rat_assembly_Pauline,2016-12-17 21:00:00,1.28,1.4587584699353413,0.0,0.17875846993534128
1,Rat_assembly_Pauline,2016-12-17 22:00:00,1.26,1.4587584699353413,0.0,0.1987584699353413
1,Rat_assembly_Pauline,2016-12-17 23:00:00,1.24,1.5789283983497133,0.0,0.33892839834971333
1,Rat_office_Craig,2016-12-17 00:00:00,192.85,194.01903702293535,0.0,1.1690370229353562
1,Rat_office_Craig,2016-12-17 01:00:00,191.75,192.57825928662805,0.0,0.8282592866280538
1,Rat_office_Craig,2016-12-17 02:00:00,191.72,192.08328591440596,0.0,0.3632859144059637
1,Rat_office_Craig,2016-12-17 03:00:00,190.63,191.59422246171147,0.0,0.9642224617114721
1,Rat_office_Craig,2016-12-17 04:00:00,191.22,191.07217821904842,0.0,0.14782178095157406
1,Rat_office_Craig,2016-12-17 05:00:00,189.3,187.17703071409647,0.0,2.1229692859035367
1,Rat_office_Craig,2016-12-17 06:00:00,190.7,188.26314022600155,0.0,2.4368597739984352
1,Rat_office_Craig,2016-12-17 07:00:00,190.86,184.73694668945637,0.0,6.123053310543639
1,Rat_office_Craig,2016-12-17 08:00:00,184.24,169.0259495996744,0.0,15.214050400325618
1,Rat_office_Craig,2016-12-17 09:00:00,176.15,175.08842307630638,0.0,1.0615769236936217
1,Rat_office_Craig,2016-12-17 10:00:00,178.17,176.533899619317,0.0,1.63610038068299
1,Rat_office_Craig,2016-12-17 11:00:00,175.93,177.44795780292617,0.0,1.517957802926162
1,Rat_office_Craig,2016-12-17 12:00:00,178.58,177.7836714990827,0.0,0.7963285009173262
1,Rat_office_Craig,2016-12-17 13:00:00,175.57,175.00813392637497,0.0,0.5618660736250263
1,Rat_office_Craig,2016-12-17 14:00:00,174.78,175.61420128721412,0.0,0.834201287214114
1,Rat_office_Craig,2016-12-17 15:00:00,182.23,179.65187408529385,0.0,2.578125914706135
1,Rat_office_Craig,2016-12-17 16:00:00,186.27,177.19881207091765,0.0,9.071187929082356
1,Rat_office_Craig,2016-12-17 17:00:00,184.54,176.2531848902417,0.0,8.286815109758294
1,Rat_office_Craig,2016-12-17 18:00:00,203.76,193.39745260999376,0.0,10.362547390006227
1,Rat_office_Craig,2016-12-17 19:00:00,205.98,196.03995167690533,0.0,9.940048323094658
1,Rat_office_Craig,2016-12-17 20:00:00,200.08,194.0518388186496,0.0,6.028161181350413
1,Rat_office_Craig,2016-12-17 21:00:00,198.19,193.39492154456528,0.0,4.7950784554347194
1,Rat_office_Craig,2016-12-17 22:00:00,196.4,189.3287580974818,0.0,7.07124190251821
1,Rat_office_Craig,2016-12-17 23:00:00,196.72,186.81651611574821,0.0,9.903483884251784
2,Hog_parking_Antoinette,2016-12-24 00:00:00,15.0,18.187629283394923,0.0,3.187629283394923
2,Hog_parking_Antoinette,2016-12-24 01:00:00,15.0,17.550237665216432,0.0,2.5502376652164322
2,Hog_parking_Antoinette,2016-12-24 02:00:00,15.0,17.22994172667566,0.0,2.2299417266756585
2,Hog_parking_Antoinette,2016-12-24 03:00:00,15.0,16.50041250774225,0.0,1.5004125077422508
2,Hog_parking_Antoinette,2016-12-24 04:00:00,14.0,17.265710417299367,0.0,3.265710417299367
2,Hog_parking_Antoinette,2016-12-24 05:00:00,15.2,19.071645963360204,0.0,3.871645963360205
2,Hog_parking_Antoinette,2016-12-24 06:00:00,16.4,18.698719512253984,0.0,2.298719512253985
2,Hog_parking_Antoinette,2016-12-24 07:00:00,17.6,25.573112721492112,0.0,7.973112721492111
2,Hog_parking_Antoinette,2016-12-24 08:00:00,18.8,27.799266610490733,0.0,8.999266610490732
2,Hog_parking_Antoinette,2016-12-24 09:00:00,20.0,27.50382590859636,0.0,7.503825908596362
2,Hog_parking_Antoinette,2016-12-24 10:00:00,18.0,27.327403723324814,0.0,9.327403723324814
2,Hog_parking_Antoinette,2016-12-24 11:00:00,17.0,28.283593829311876,0.0,11.283593829311876
2,Hog_parking_Antoinette,2016-12-24 12:00:00,16.333333333333332,27.67245097340764,0.0,11.339117640074306
2,Hog_parking_Antoinette,2016-12-24 13:00:00,15.666666666666666,28.240991839737035,0.0,12.574325173070369
2,Hog_parking_Antoinette,2016-12-24 14:00:00,15.0,28.1384526799878,0.0,13.1384526799878
2,Hog_parking_Antoinette,2016-12-24 15:00:00,14.666666666666666,25.261560074363878,0.0,10.594893407697212
2,Hog_parking_Antoinette,2016-12-24 16:00:00,14.333333333333334,22.88303262249621,0.0,8.549699289162875
2,Hog_parking_Antoinette,2016-12-24 17:00:00,14.0,22.88303262249621,0.0,8.88303262249621
2,Hog_parking_Antoinette,2016-12-24 18:00:00,14.0,18.443858857509273,0.0,4.443858857509273
2,Hog_parking_Antoinette,2016-12-24 19:00:00,14.0,18.780507387531213,0.0,4.7805073875312125
2,Hog_parking_Antoinette,2016-12-24 20:00:00,14.0,18.75485226859855,0.0,4.754852268598551
2,Hog_parking_Antoinette,2016-12-24 21:00:00,14.0,17.798662162611475,0.0,3.7986621626114747
2,Hog_parking_Antoinette,2016-12-24 22:00:00,14.0,17.798662162611475,0.0,3.7986621626114747
2,Hog_parking_Antoinette,2016-12-24 23:00:00,14.0,17.387723239217994,0.0,3.387723239217994
2,Fox_office_Vicki,2016-12-24 00:00:00,99.61,99.0284699591752,0.0,0.5815300408248021
2,Fox_office_Vicki,2016-12-24 01:00:00,94.89,97.07387423947813,0.0,2.183874239478129
2,Fox_office_Vicki,2016-12-24 02:00:00,95.05,97.4921613053338,0.0,2.442161305333798
2,Fox_office_Vicki,2016-12-24 03:00:00,96.2,97.23303750528783,0.0,1.0330375052878225
2,Fox_office_Vicki,2016-12-24 04:00:00,97.27,95.96947183445461,0.0,1.300528165545387
2,Fox_office_Vicki,2016-12-24 05:00:00,98.01,92.89204534154396,0.0,5.117954658456043
2,Fox_office_Vicki,2016-12-24 06:00:00,98.57,94.47327568812011,0.0,4.096724311879882
2,Fox_office_Vicki,2016-12-24 07:00:00,99.26,102.7813878064619,0.0,3.521387806461888
2,Fox_office_Vicki,2016-12-24 08:00:00,98.47,105.11374443153146,0.0,6.643744431531459
2,Fox_office_Vicki,2016-12-24 09:00:00,91.78,106.00311876837708,0.0,14.223118768377077
2,Fox_office_Vicki,2016-12-24 10:00:00,89.7,107.11055798342878,0.0,17.410557983428774
2,Fox_office_Vicki,2016-12-24 11:00:00,91.04,107.47787649136285,0.0,16.437876491362843
2,Fox_office_Vicki,2016-12-24 12:00:00,87.81,105.04720070912418,0.0,17.23720070912418
2,Fox_office_Vicki,2016-12-24 13:00:00,88.31,109.30507332616867,0.0,20.995073326168665
2,Fox_office_Vicki,2016-12-24 14:00:00,90.2,111.02582572385906,0.0,20.825825723859055
2,Fox_office_Vicki,2016-12-24 15:00:00,98.23,112.58152692379628,0.0,14.351526923796271
2,Fox_office_Vicki,2016-12-24 16:00:00,97.62,114.61202493203808,0.0,16.992024932038078
2,Fox_office_Vicki,2016-12-24 17:00:00,92.11,106.91834282646052,0.0,14.808342826460517
2,Fox_office_Vicki,2016-12-24 18:00:00,96.9,99.71369382287531,0.0,2.813693822875308
2,Fox_office_Vicki,2016-12-24 19:00:00,98.21,99.92986730099643,0.0,1.719867300996441
2,Fox_office_Vicki,2016-12-24 20:00:00,101.43,97.09228560278714,0.0,4.337714397212864
2,Fox_office_Vicki,2016-12-24 21:00:00,102.0,96.10566084884233,0.0,5.894339151157666
2,Fox_office_Vicki,2016-12-24 22:00:00,98.7,96.94250094619676,0.0,1.7574990538032438
2,Fox_office_Vicki,2016-12-24 23:00:00,101.68,101.37843426397919,0.0,0.3015657360208195
2,Fox_office_Joy,2016-12-24 00:00:00,125.79,138.44062302370455,0.0,12.65062302370454
2,Fox_office_Joy,2016-12-24 01:00:00,124.26,124.94420261837608,0.0,0.6842026183760765
2,Fox_office_Joy,2016-12-24 02:00:00,128.73,132.85010500763792,0.0,4.120105007637932
2,Fox_office_Joy,2016-12-24 03:00:00,127.92,130.75432717215173,0.0,2.834327172151731
2,Fox_office_Joy,2016-12-24 04:00:00,126.57,127.24110948207978,0.0,0.6711094820797854
2,Fox_office_Joy,2016-12-24 05:00:00,124.22,127.61070118726701,0.0,3.3907011872670125
2,Fox_office_Joy,2016-12-24 06:00:00,124.58,129.23770244619186,0.0,4.657702446191863
2,Fox_office_Joy,2016-12-24 07:00:00,125.78,133.26786800787545,0.0,7.4878680078754485
2,Fox_office_Joy,2016-12-24 08:00:00,122.15,133.13305176017113,0.0,10.983051760171122
2,Fox_office_Joy,2016-12-24 09:00:00,124.4,145.48658428616022,0.0,21.086584286160218
2,Fox_office_Joy,2016-12-24 10:00:00,126.54,150.32956427922065,0.0,23.78956427922064
2,Fox_office_Joy,2016-12-24 11:00:00,125.58,152.39602675070563,0.0,26.816026750705632
2,Fox_office_Joy,2016-12-24 12:00:00,129.55,152.69743056180664,0.0,23.14743056180663
2,Fox_office_Joy,2016-12-24 13:00:00,127.29,152.72845157837517,0.0,25.438451578375165
2,Fox_office_Joy,2016-12-24 14:00:00,125.04,150.90615455358585,0.0,25.866154553585844
2,Fox_office_Joy,2016-12-24 15:00:00,121.23,150.46200706856598,0.0,29.232007068565977
2,Fox_office_Joy,2016-12-24 16:00:00,122.18,142.8599135399288,0.0,20.679913539928805
2,Fox_office_Joy,2016-12-24 17:00:00,123.74,137.13296840744678,0.0,13.392968407446787
2,Fox_office_Joy,2016-12-24 18:00:00,132.18,143.60182717588583,0.0,11.421827175885824
2,Fox_office_Joy,2016-12-24 19:00:00,132.94,139.04503594827267,0.0,6.105035948272672
2,Fox_office_Joy,2016-12-24 20:00:00,133.94,135.8638511896104,0.0,1.9238511896103887
2,Fox_office_Joy,2016-12-24 21:00:00,131.79,134.07849107368583,0.0,2.288491073685833
2,Fox_office_Joy,2016-12-24 22:00:00,130.08,136.06760502440363,0.0,5.987605024403621
2,Fox_office_Joy,2016-12-24 23:00:00,128.71,138.11177988548144,0.0,9.401779885481432
2,Hog_services_Marshall,2016-12-24 00:00:00,49.44600000000001,51.25457955754674,0.0,1.8085795575467287
2,Hog_services_Marshall,2016-12-24 01:00:00,49.022,56.761175332531714,0.0,7.739175332531715
2,Hog_services_Marshall,2016-12-24 02:00:00,49.404,57.70542324670744,0.0,8.301423246707436
2,Hog_services_Marshall,2016-12-24 03:00:00,49.008,57.8056339641019,0.0,8.797633964101898
2,Hog_services_Marshall,2016-12-24 04:00:00,49.37,64.84241824927622,0.0,15.472418249276224
2,Hog_services_Marshall,2016-12-24 05:00:00,49.591,64.50522537080097,0.0,14.91422537080097
2,Hog_services_Marshall,2016-12-24 06:00:00,49.569,63.38196381611298,0.0,13.812963816112976
2,Hog_services_Marshall,2016-12-24 07:00:00,50.519,65.68350407111814,0.0,15.164504071118138
2,Hog_services_Marshall,2016-12-24 08:00:00,49.49100000000001,65.94903232989628,0.0,16.458032329896277
2,Hog_services_Marshall,2016-12-24 09:00:00,50.113,65.73616478609424,0.0,15.623164786094236
2,Hog_services_Marshall,2016-12-24 10:00:00,48.771,64.7412968076295,0.0,15.970296807629495
2,Hog_services_Marshall,2016-12-24 11:00:00,48.592,63.72257738229369,0.0,15.130577382293694
2,Hog_services_Marshall,2016-12-24 12:00:00,48.341,64.26214451338892,0.0,15.921144513388917
2,Hog_services_Marshall,2016-12-24 13:00:00,48.11600000000001,64.27826108660919,0.0,16.162261086609185
2,Hog_services_Marshall,2016-12-24 14:00:00,48.524,64.4925325082113,0.0,15.968532508211297
2,Hog_services_Marshall,2016-12-24 15:00:00,49.639,63.226696457424836,0.0,13.587696457424833
2,Hog_services_Marshall,2016-12-24 16:00:00,49.34,62.205267570097014,0.0,12.86526757009701
2,Hog_services_Marshall,2016-12-24 17:00:00,49.789,61.83593707191799,0.0,12.046937071917988
2,Hog_services_Marshall,2016-12-24 18:00:00,49.709,61.99206818374206,0.0,12.28306818374206
2,Hog_services_Marshall,2016-12-24 19:00:00,50.381,62.85704826387582,0.0,12.476048263875818
2,Hog_services_Marshall,2016-12-24 20:00:00,49.981,63.01916296352466,0.0,13.038162963524655
2,Hog_services_Marshall,2016-12-24 21:00:00,50.402,63.01916296352466,0.0,12.617162963524656
2,Hog_services_Marshall,2016-12-24 22:00:00,50.084,62.75919499118132,0.0,12.675194991181314
2,Hog_services_Marshall,2016-12-24 23:00:00,49.603,62.260748370114555,0.0,12.657748370114554
2,Bull_office_Ella,2016-12-24 00:00:00,82.0,133.35548352646,0.0,51.355483526460006
2,Bull_office_Ella,2016-12-24 01:00:00,80.0,133.8539160910932,0.0,53.8539160910932
2,Bull_office_Ella,2016-12-24 02:00:00,79.0,132.61343227247005,0.0,53.61343227247005
2,Bull_office_Ella,2016-12-24 03:00:00,82.0,132.61343227247005,0.0,50.61343227247005
2,Bull_office_Ella,2016-12-24 04:00:00,80.0,132.81605651501542,0.0,52.81605651501542
2,Bull_office_Ella,2016-12-24 05:00:00,78.0,134.12972668681772,0.0,56.12972668681772
2,Bull_office_Ella,2016-12-24 06:00:00,81.0,133.44971627834155,0.0,52.449716278341555
2,Bull_office_Ella,2016-12-24 07:00:00,78.0,147.45181881848958,0.0,69.45181881848958
2,Bull_office_Ella,2016-12-24 08:00:00,67.0,132.99824132344054,0.0,65.99824132344054
2,Bull_office_Ella,2016-12-24 09:00:00,56.0,144.9313890578149,0.0,88.9313890578149
2,Bull_office_Ella,2016-12-24 10:00:00,55.0,145.10611486749536,0.0,90.10611486749536
2,Bull_office_Ella,2016-12-24 11:00:00,56.0,144.55063282080738,0.0,88.55063282080738
2,Bull_office_Ella,2016-12-24 12:00:00,57.0,145.8427592037409,0.0,88.84275920374091
2,Bull_office_Ella,2016-12-24 13:00:00,57.0,144.61557360927858,0.0,87.61557360927858
2,Bull_office_Ella,2016-12-24 14:00:00,57.0,145.08616888682454,0.0,88.08616888682454
2,Bull_office_Ella,2016-12-24 15:00:00,57.0,144.10643339827345,0.0,87.10643339827345
2,Bull_office_Ella,2016-12-24 16:00:00,56.0,144.7519634430916,0.0,88.7519634430916
2,Bull_office_Ella,2016-12-24 17:00:00,53.0,140.80178975096703,0.0,87.80178975096703
2,Bull_office_Ella,2016-12-24 18:00:00,55.0,146.4564100922367,0.0,91.4564100922367
2,Bull_office_Ella,2016-12-24 19:00:00,59.0,145.66575457914809,0.0,86.66575457914809
2,Bull_office_Ella,2016-12-24 20:00:00,78.0,146.17997766258404,0.0,68.17997766258404
2,Bull_office_Ella,2016-12-24 21:00:00,77.33333333333333,146.17997766258404,0.0,68.84664432925071
2,Bull_office_Ella,2016-12-24 22:00:00,76.66666666666667,146.50628898968196,0.0,69.83962232301529
2,Bull_office_Ella,2016-12-24 23:00:00,76.0,150.56297562103182,0.0,74.56297562103182
2,Fox_education_Elvira,2016-12-24 00:00:00,128.45,129.09296507252998,0.0,0.6429650725299894
2,Fox_education_Elvira,2016-12-24 01:00:00,125.71,125.2322539036619,0.0,0.4777460963380946
2,Fox_education_Elvira,2016-12-24 02:00:00,131.65,125.21740935448291,0.0,6.432590645517095
2,Fox_education_Elvira,2016-12-24 03:00:00,133.77,124.1511924998554,0.0,9.618807500144612
2,Fox_education_Elvira,2016-12-24 04:00:00,138.24,124.23829257368475,0.0,14.001707426315264
2,Fox_education_Elvira,2016-12-24 05:00:00,250.78,194.1227080504642,0.0,56.65729194953579
2,Fox_education_Elvira,2016-12-24 06:00:00,298.32,252.2395969313977,0.0,46.080403068602294
2,Fox_education_Elvira,2016-12-24 07:00:00,312.5,257.1703227747547,0.0,55.32967722524529
2,Fox_education_Elvira,2016-12-24 08:00:00,280.68,252.76169687977614,0.0,27.918303120223868
2,Fox_education_Elvira,2016-12-24 09:00:00,279.26,248.51872760299307,0.0,30.741272397006924
2,Fox_education_Elvira,2016-12-24 10:00:00,264.97,225.7093736568986,0.0,39.26062634310142
2,Fox_education_Elvira,2016-12-24 11:00:00,238.49,211.31499500466313,0.0,27.175004995336877
2,Fox_education_Elvira,2016-12-24 12:00:00,220.17,213.23443523735816,0.0,6.935564762641832
2,Fox_education_Elvira,2016-12-24 13:00:00,194.37,216.74677905247356,0.0,22.37677905247355
2,Fox_education_Elvira,2016-12-24 14:00:00,189.62,199.69734825389475,0.0,10.07734825389474
2,Fox_education_Elvira,2016-12-24 15:00:00,263.91,198.2577236313994,0.0,65.65227636860064
2,Fox_education_Elvira,2016-12-24 16:00:00,318.8,191.51139234475198,0.0,127.28860765524803
2,Fox_education_Elvira,2016-12-24 17:00:00,311.5,186.5525114704438,0.0,124.94748852955621
2,Fox_education_Elvira,2016-12-24 18:00:00,323.0,193.6859604667028,0.0,129.3140395332972
2,Fox_education_Elvira,2016-12-24 19:00:00,317.28,184.37604538076965,0.0,132.90395461923032
2,Fox_education_Elvira,2016-12-24 20:00:00,319.17,188.88359092671743,0.0,130.28640907328258
2,Fox_education_Elvira,2016-12-24 21:00:00,202.47,142.96593405046434,0.0,59.50406594953566
2,Fox_education_Elvira,2016-12-24 22:00:00,161.11,130.25138414444328,0.0,30.858615855556735
2,Fox_education_Elvira,2016-12-24 23:00:00,159.09,129.54512839673345,0.0,29.544871603266557
2,Bull_office_Sally,2016-12-24 00:00:00,48.0,120.91268824384086,0.0,72.91268824384086
2,Bull_office_Sally,2016-12-24 01:00:00,49.0,136.4322052940589,0.0,87.43220529405889
2,Bull_office_Sally,2016-12-24 02:00:00,50.0,170.70011302567417,0.0,120.70011302567417
2,Bull_office_Sally,2016-12-24 03:00:00,51.0,76.96100453126093,0.0,25.961004531260926
2,Bull_office_Sally,2016-12-24 04:00:00,47.0,76.16389032802836,0.0,29.16389032802836
2,Bull_office_Sally,2016-12-24 05:00:00,48.0,87.71315670962306,0.0,39.713156709623064
2,Bull_office_Sally,2016-12-24 06:00:00,53.0,84.2373701134756,0.0,31.237370113475606
2,Bull_office_Sally,2016-12-24 07:00:00,49.0,77.59398327004489,0.0,28.593983270044887
2,Bull_office_Sally,2016-12-24 08:00:00,48.0,175.3304073764831,0.0,127.3304073764831
2,Bull_office_Sally,2016-12-24 09:00:00,43.0,201.97586992832126,0.0,158.97586992832126
2,Bull_office_Sally,2016-12-24 10:00:00,46.0,190.37726319380863,0.0,144.37726319380863
2,Bull_office_Sally,2016-12-24 11:00:00,72.0,106.75626020631069,0.0,34.756260206310685
2,Bull_office_Sally,2016-12-24 12:00:00,66.4,107.04580940213567,0.0,40.64580940213567
2,Bull_office_Sally,2016-12-24 13:00:00,60.8,104.11129014729957,0.0,43.31129014729957
2,Bull_office_Sally,2016-12-24 14:00:00,55.2,93.34300761443592,0.0,38.143007614435916
2,Bull_office_Sally,2016-12-24 15:00:00,49.6,93.74131087555963,0.0,44.14131087555963
2,Bull_office_Sally,2016-12-24 16:00:00,44.0,74.83307514346933,0.0,30.83307514346933
2,Bull_office_Sally,2016-12-24 17:00:00,50.0,76.42084639118634,0.0,26.420846391186345
2,Bull_office_Sally,2016-12-24 18:00:00,57.0,74.31631689253567,0.0,17.316316892535667
2,Bull_office_Sally,2016-12-24 19:00:00,51.0,75.93105298802013,0.0,24.931052988020127
2,Bull_office_Sally,2016-12-24 20:00:00,51.25,74.64152110417565,0.0,23.391521104175652
2,Bull_office_Sally,2016-12-24 21:00:00,51.5,73.78535169315403,0.0,22.285351693154027
2,Bull_office_Sally,2016-12-24 22:00:00,51.75,115.79081357806682,0.0,64.04081357806682
2,Bull_office_Sally,2016-12-24 23:00:00,52.0,67.5666376724333,0.0,15.566637672433302
2,Fox_education_Charles,2016-12-24 00:00:00,9.52,8.988879470335633,0.0,0.5311205296643671
2,Fox_education_Charles,2016-12-24 01:00:00,9.47,9.002226568782438,0.0,0.4677734312175623
2,Fox_education_Charles,2016-12-24 02:00:00,9.44,9.01182012381489,0.0,0.42817987618511033
2,Fox_education_Charles,2016-12-24 03:00:00,9.45,9.01182012381489,0.0,0.4381798761851101
2,Fox_education_Charles,2016-12-24 04:00:00,9.41,9.0475888144386,0.0,0.36241118556140073
2,Fox_education_Charles,2016-12-24 05:00:00,9.37,9.401214024807574,0.0,0.031214024807574958
2,Fox_education_Charles,2016-12-24 06:00:00,9.33,10.111110902169104,0.0,0.7811109021691038
2,Fox_education_Charles,2016-12-24 07:00:00,8.79,10.025689226734396,0.0,1.2356892267343973
2,Fox_education_Charles,2016-12-24 08:00:00,8.23,9.802623604167662,0.0,1.5726236041676618
2,Fox_education_Charles,2016-12-24 09:00:00,8.6,9.812634291635048,0.0,1.212634291635048
2,Fox_education_Charles,2016-12-24 10:00:00,8.31,9.699659382625436,0.0,1.3896593826254353
2,Fox_education_Charles,2016-12-24 11:00:00,8.07,9.699659382625436,0.0,1.6296593826254355
2,Fox_education_Charles,2016-12-24 12:00:00,8.6,10.004266944548938,0.0,1.4042669445489384
2,Fox_education_Charles,2016-12-24 13:00:00,8.61,9.805887370205825,0.0,1.195887370205826
2,Fox_education_Charles,2016-12-24 14:00:00,8.31,9.387234527932101,0.0,1.0772345279321005
2,Fox_education_Charles,2016-12-24 15:00:00,8.79,8.773313707086446,0.0,0.016686292913552947
2,Fox_education_Charles,2016-12-24 16:00:00,8.35,9.880041488782748,0.0,1.5300414887827483
2,Fox_education_Charles,2016-12-24 17:00:00,8.42,8.886832988366418,0.0,0.4668329883664182
2,Fox_education_Charles,2016-12-24 18:00:00,9.32,9.973685019855896,0.0,0.6536850198558959
2,Fox_education_Charles,2016-12-24 19:00:00,8.97,10.220718721826417,0.0,1.2507187218264164
2,Fox_education_Charles,2016-12-24 20:00:00,8.95,11.332789417170794,0.0,2.3827894171707946
2,Fox_education_Charles,2016-12-24 21:00:00,8.96,11.332789417170794,0.0,2.372789417170793
2,Fox_education_Charles,2016-12-24 22:00:00,8.86,10.186261192919323,0.0,1.3262611929193238
2,Fox_education_Charles,2016-12-24 23:00:00,8.95,9.170859180874352,0.0,0.22085918087435275
2,Bear_education_Chad,2016-12-24 00:00:00,870.6159,840.5499822181907,0.0,30.065917781809276
2,Bear_education_Chad,2016-12-24 01:00:00,849.2345,847.7430050400562,0.0,1.4914949599437932
2,Bear_education_Chad,2016-12-24 02:00:00,855.57,847.7525985950888,0.0,7.817401404911266
2,Bear_education_Chad,2016-12-24 03:00:00,848.2439,866.5191747565165,0.0,18.27527475651641
2,Bear_education_Chad,2016-12-24 04:00:00,847.9154,861.4917851816341,0.0,13.576385181634123
2,Bear_education_Chad,2016-12-24 05:00:00,859.2133,858.6392736892951,0.0,0.5740263107048804
2,Bear_education_Chad,2016-12-24 06:00:00,868.8745,876.4058487260331,0.0,7.531348726033116
2,Bear_education_Chad,2016-12-24 07:00:00,868.9184,898.6583498669524,0.0,29.73994986695243
2,Bear_education_Chad,2016-12-24 08:00:00,888.1851,907.6088379885279,0.0,19.42373798852782
2,Bear_education_Chad,2016-12-24 09:00:00,896.2891,921.3276898820882,0.0,25.038589882088218
2,Bear_education_Chad,2016-12-24 10:00:00,895.5237,922.4115114807563,0.0,26.88781148075634
2,Bear_education_Chad,2016-12-24 11:00:00,909.977,925.3328352929773,0.0,15.355835292977304
2,Bear_education_Chad,2016-12-24 12:00:00,923.9293,932.0472365562347,0.0,8.117936556234667
2,Bear_education_Chad,2016-12-24 13:00:00,900.7439,936.8912275262004,0.0,36.14732752620034
2,Bear_education_Chad,2016-12-24 14:00:00,896.2705,926.7273603985565,0.0,30.4568603985565
2,Bear_education_Chad,2016-12-24 15:00:00,899.8489,912.8695878411664,0.0,13.020687841166477
2,Bear_education_Chad,2016-12-24 16:00:00,913.2398,894.2313736917229,0.0,19.00842630827708
2,Bear_education_Chad,2016-12-24 17:00:00,882.0706,848.9883404305723,0.0,33.08225956942772
2,Bear_education_Chad,2016-12-24 18:00:00,873.5404,878.0467275248737,0.0,4.506327524873768
2,Bear_education_Chad,2016-12-24 19:00:00,816.8189,839.9990846056297,0.0,23.180184605629734
2,Bear_education_Chad,2016-12-24 20:00:00,786.5853,840.0490401905946,0.0,53.46374019059465
2,Bear_education_Chad,2016-12-24 21:00:00,776.452,856.9679007878716,0.0,80.5159007878716
2,Bear_education_Chad,2016-12-24 22:00:00,772.6777,853.7408379352581,0.0,81.06313793525817
2,Bear_education_Chad,2016-12-24 23:00:00,811.1388,851.0772282923109,0.0,39.93842829231096
2,Rat_office_Lora,2016-12-24 00:00:00,203.62,223.3781149478305,0.0,19.758114947830506
2,Rat_office_Lora,2016-12-24 01:00:00,207.64,223.02989360548514,0.0,15.389893605485156
2,Rat_office_Lora,2016-12-24 02:00:00,206.89,281.7055618206956,0.0,74.81556182069562
2,Rat_office_Lora,2016-12-24 03:00:00,209.08,278.1873443639224,0.0,69.10734436392241
2,Rat_office_Lora,2016-12-24 04:00:00,203.99,270.80843977123624,0.0,66.81843977123623
2,Rat_office_Lora,2016-12-24 05:00:00,232.09,271.6144860199984,0.0,39.52448601999842
2,Rat_office_Lora,2016-12-24 06:00:00,233.77,267.0533466036365,0.0,33.28334660363649
2,Rat_office_Lora,2016-12-24 07:00:00,233.95,269.6871244344932,0.0,35.73712443449324
2,Rat_office_Lora,2016-12-24 08:00:00,244.03,277.37956157531124,0.0,33.34956157531124
2,Rat_office_Lora,2016-12-24 09:00:00,260.05,263.1004077770269,0.0,3.0504077770268623
2,Rat_office_Lora,2016-12-24 10:00:00,256.32,260.4799234897884,0.0,4.159923489788412
2,Rat_office_Lora,2016-12-24 11:00:00,248.53,256.9284032090895,0.0,8.39840320908948
2,Rat_office_Lora,2016-12-24 12:00:00,238.74,254.0712417429925,0.0,15.33124174299249
2,Rat_office_Lora,2016-12-24 13:00:00,242.22,286.11491202074717,0.0,43.89491202074717
2,Rat_office_Lora,2016-12-24 14:00:00,235.51,289.68112172024246,0.0,54.17112172024247
2,Rat_office_Lora,2016-12-24 15:00:00,239.07,288.8576943500446,0.0,49.7876943500446
2,Rat_office_Lora,2016-12-24 16:00:00,238.54,281.1019863289484,0.0,42.56198632894839
2,Rat_office_Lora,2016-12-24 17:00:00,228.78,262.68473983773356,0.0,33.90473983773356
2,Rat_office_Lora,2016-12-24 18:00:00,230.66,300.98247759189843,0.0,70.32247759189843
2,Rat_office_Lora,2016-12-24 19:00:00,225.02,246.62909987833646,0.0,21.60909987833645
2,Rat_office_Lora,2016-12-24 20:00:00,230.63,249.93486455456565,0.0,19.304864554565654
2,Rat_office_Lora,2016-12-24 21:00:00,227.32,240.49404800907928,0.0,13.174048009079286
2,Rat_office_Lora,2016-12-24 22:00:00,231.81,243.61245469872983,0.0,11.802454698729832
2,Rat_office_Lora,2016-12-24 23:00:00,216.23,210.98062042444687,0.0,5.249379575553121
2,Rat_office_Adele,2016-12-24 00:00:00,214.56,243.79097643785605,0.0,29.230976437856043
2,Rat_office_Adele,2016-12-24 01:00:00,241.72,234.42660487380402,0.0,7.293395126195975
2,Rat_office_Adele,2016-12-24 02:00:00,219.54,242.81061701580995,0.0,23.27061701580996
2,Rat_office_Adele,2016-12-24 03:00:00,242.27,248.5808059940316,0.0,6.310805994031597
2,Rat_office_Adele,2016-12-24 04:00:00,225.93,276.24331549906225,0.0,50.31331549906224
2,Rat_office_Adele,2016-12-24 05:00:00,260.69,290.7691202760638,0.0,30.079120276063804
2,Rat_office_Adele,2016-12-24 06:00:00,278.05,316.6562841946359,0.0,38.60628419463586
2,Rat_office_Adele,2016-12-24 07:00:00,267.26,301.05122453112017,0.0,33.79122453112018
2,Rat_office_Adele,2016-12-24 08:00:00,273.6,302.18760586943563,0.0,28.587605869435606
2,Rat_office_Adele,2016-12-24 09:00:00,272.38,299.0363806890226,0.0,26.656380689022626
2,Rat_office_Adele,2016-12-24 10:00:00,291.39,301.855027991257,0.0,10.465027991256989
2,Rat_office_Adele,2016-12-24 11:00:00,265.55,292.40602625693936,0.0,26.856026256939344
2,Rat_office_Adele,2016-12-24 12:00:00,284.52,292.18206731586287,0.0,7.662067315862885
2,Rat_office_Adele,2016-12-24 13:00:00,254.27,285.464422148068,0.0,31.194422148068014
2,Rat_office_Adele,2016-12-24 14:00:00,275.01,280.8016191120936,0.0,5.791619112093599
2,Rat_office_Adele,2016-12-24 15:00:00,256.56,277.22521735051527,0.0,20.665217350515263
2,Rat_office_Adele,2016-12-24 16:00:00,258.64,262.94965683261074,0.0,4.309656832610756
2,Rat_office_Adele,2016-12-24 17:00:00,246.24,265.17569640377206,0.0,18.935696403772056
2,Rat_office_Adele,2016-12-24 18:00:00,252.5,254.14463890837968,0.0,1.644638908379676
2,Rat_office_Adele,2016-12-24 19:00:00,230.29,236.10822433844447,0.0,5.81822433844448
2,Rat_office_Adele,2016-12-24 20:00:00,233.52,283.7610407833689,0.0,50.2410407833689
2,Rat_office_Adele,2016-12-24 21:00:00,239.72,230.73319543450634,0.0,8.986804565493657
2,Rat_office_Adele,2016-12-24 22:00:00,227.89,282.8568538922664,0.0,54.966853892266386
2,Rat_office_Adele,2016-12-24 23:00:00,248.43,241.34718736908,0.0,7.082812630920017
2,Rat_assembly_Kelley,2016-12-24 00:00:00,5.44,5.504637188094451,0.0,0.06463718809445052
2,Rat_assembly_Kelley,2016-12-24 01:00:00,5.64,5.517984286541258,0.0,0.12201571345874207
2,Rat_assembly_Kelley,2016-12-24 02:00:00,5.48,5.0932858108768855,0.0,0.38671418912311495
2,Rat_assembly_Kelley,2016-12-24 03:00:00,5.72,5.0932858108768855,0.0,0.6267141891231143
2,Rat_assembly_Kelley,2016-12-24 04:00:00,5.44,5.456911724897823,0.0,0.016911724897823
2,Rat_assembly_Kelley,2016-12-24 05:00:00,5.76,7.322637303154345,0.0,1.5626373031543448
2,Rat_assembly_Kelley,2016-12-24 06:00:00,5.8,7.210039667247807,0.0,1.4100396672478075
2,Rat_assembly_Kelley,2016-12-24 07:00:00,6.32,5.5626323231026875,0.0,0.7573676768973128
2,Rat_assembly_Kelley,2016-12-24 08:00:00,5.48,5.340933629260068,0.0,0.13906637073993267
2,Rat_assembly_Kelley,2016-12-24 09:00:00,5.1866666666666665,5.055936061749746,0.0,0.1307306049169208
2,Rat_assembly_Kelley,2016-12-24 10:00:00,4.8933333333333335,4.130238053863933,0.0,0.7630952794694004
2,Rat_assembly_Kelley,2016-12-24 11:00:00,4.6,4.130238053863933,0.0,0.4697619461360665
2,Rat_assembly_Kelley,2016-12-24 12:00:00,4.48,4.169833914585006,0.0,0.3101660854149948
2,Rat_assembly_Kelley,2016-12-24 13:00:00,4.28,4.998673586681476,0.0,0.7186735866814757
2,Rat_assembly_Kelley,2016-12-24 14:00:00,4.24,4.950506014003993,0.0,0.7105060140039932
2,Rat_assembly_Kelley,2016-12-24 15:00:00,4.2,4.950506014003993,0.0,0.7505060140039932
2,Rat_assembly_Kelley,2016-12-24 16:00:00,4.96,5.35903355026167,0.0,0.3990335502616702
2,Rat_assembly_Kelley,2016-12-24 17:00:00,4.44,5.064025295283961,0.0,0.6240252952839604
2,Rat_assembly_Kelley,2016-12-24 18:00:00,5.04,7.01466275004523,0.0,1.9746627500452298
2,Rat_assembly_Kelley,2016-12-24 19:00:00,5.2,7.090982464867489,0.0,1.8909824648674887
2,Rat_assembly_Kelley,2016-12-24 20:00:00,5.359999999999999,5.557052861602915,0.0,0.19705286160291546
2,Rat_assembly_Kelley,2016-12-24 21:00:00,5.52,5.557052861602915,0.0,0.03705286160291532
2,Rat_assembly_Kelley,2016-12-24 22:00:00,5.72,5.557052861602915,0.0,0.16294713839708486
2,Rat_assembly_Kelley,2016-12-24 23:00:00,5.8,5.534859349974272,0.0,0.26514065002572806
2,Rat_public_Julieann,2016-12-24 00:00:00,1.2733333333333334,1.3161552994006138,0.0,0.04282196606728039
2,Rat_public_Julieann,2016-12-24 01:00:00,1.27,1.3295023978474205,0.0,0.05950239784742051
2,Rat_public_Julieann,2016-12-24 02:00:00,1.2666666666666666,1.2671114138343524,0.0,0.0004447471676858328
2,Rat_public_Julieann,2016-12-24 03:00:00,1.2633333333333334,1.2671114138343524,0.0,0.003778080501019021
2,Rat_public_Julieann,2016-12-24 04:00:00,1.26,1.2208834013699135,0.0,0.03911659863008654
2,Rat_public_Julieann,2016-12-24 05:00:00,1.25,1.4418423149383117,0.0,0.19184231493831172
2,Rat_public_Julieann,2016-12-24 06:00:00,1.198,1.2777638204683228,0.0,0.07976382046832287
2,Rat_public_Julieann,2016-12-24 07:00:00,1.146,1.2777638204683228,0.0,0.1317638204683229
2,Rat_public_Julieann,2016-12-24 08:00:00,1.094,0.9025072798878769,0.0,0.19149272011212315
2,Rat_public_Julieann,2016-12-24 09:00:00,1.042,0.9125179673552637,0.0,0.12948203264473634
2,Rat_public_Julieann,2016-12-24 10:00:00,0.99,0.818555431633124,0.0,0.17144456836687594
2,Rat_public_Julieann,2016-12-24 11:00:00,0.9483333333333334,0.818555431633124,0.0,0.1297779017002093
2,Rat_public_Julieann,2016-12-24 12:00:00,0.9066666666666666,0.8581512923541936,0.0,0.04851537431247299
2,Rat_public_Julieann,2016-12-24 13:00:00,0.865,0.8742678655744618,0.0,0.009267865574461798
2,Rat_public_Julieann,2016-12-24 14:00:00,0.8233333333333334,0.8261002928969808,0.0,0.0027669595636474753
2,Rat_public_Julieann,2016-12-24 15:00:00,0.7816666666666667,0.8349027028714118,0.0,0.05323603620474504
2,Rat_public_Julieann,2016-12-24 16:00:00,0.74,0.92940961086391,0.0,0.18940961086391006
2,Rat_public_Julieann,2016-12-24 17:00:00,1.06,0.92940961086391,0.0,0.13059038913609
2,Rat_public_Julieann,2016-12-24 18:00:00,1.104,0.9376314665023505,0.0,0.16636853349764957
2,Rat_public_Julieann,2016-12-24 19:00:00,1.148,1.0139511813246087,0.0,0.1340488186753912
2,Rat_public_Julieann,2016-12-24 20:00:00,1.1920000000000002,1.042007246770447,0.0,0.14999275322955308
2,Rat_public_Julieann,2016-12-24 21:00:00,1.236,1.2456790233476112,0.0,0.009679023347611171
2,Rat_public_Julieann,2016-12-24 22:00:00,1.28,1.2954611085528696,0.0,0.015461108552869529
2,Rat_public_Julieann,2016-12-24 23:00:00,1.2725,1.2732675969242266,0.0,0.0007675969242266767
2,Bear_education_Lewis,2016-12-24 00:00:00,14.704545454545457,16.556269447600688,0.0,1.8517239930552307
2,Bear_education_Lewis,2016-12-24 01:00:00,14.681818181818182,16.569616546047495,0.0,1.8877983642293135
2,Bear_education_Lewis,2016-12-24 02:00:00,14.659090909090908,16.860223386230277,0.0,2.201132477139369
2,Bear_education_Lewis,2016-12-24 03:00:00,14.636363636363637,17.510962102855576,0.0,2.874598466491939
2,Bear_education_Lewis,2016-12-24 04:00:00,14.613636363636363,17.497934404066225,0.0,2.8842980404298615
2,Bear_education_Lewis,2016-12-24 05:00:00,14.590909090909092,18.183402716683158,0.0,3.5924936257740665
2,Bear_education_Lewis,2016-12-24 06:00:00,14.568181818181818,16.97785642092728,0.0,2.409674602745463
2,Bear_education_Lewis,2016-12-24 07:00:00,14.545454545454543,17.709856630479276,0.0,3.164402085024733
2,Bear_education_Lewis,2016-12-24 08:00:00,14.522727272727272,18.00926260421,0.0,3.486535331482729
2,Bear_education_Lewis,2016-12-24 09:00:00,14.5,18.988272889013714,0.0,4.4882728890137145
2,Bear_education_Lewis,2016-12-24 10:00:00,15.5,17.840434780184193,0.0,2.340434780184193
2,Bear_education_Lewis,2016-12-24 11:00:00,15.25,17.8284849534561,0.0,2.578484953456101
2,Bear_education_Lewis,2016-12-24 12:00:00,14.5,15.699609643631886,0.0,1.1996096436318862
2,Bear_education_Lewis,2016-12-24 13:00:00,14.583333333333334,16.025638876592684,0.0,1.4423055432593497
2,Bear_education_Lewis,2016-12-24 14:00:00,14.666666666666666,16.031190789301306,0.0,1.3645241226346396
2,Bear_education_Lewis,2016-12-24 15:00:00,14.75,15.612863744074811,0.0,0.8628637440748115
2,Bear_education_Lewis,2016-12-24 16:00:00,15.0,15.16382098840063,0.0,0.16382098840063009
2,Bear_education_Lewis,2016-12-24 17:00:00,16.0,15.435473396266637,0.0,0.5645266037333627
2,Bear_education_Lewis,2016-12-24 18:00:00,16.2,14.799587708406385,0.0,1.4004122915936144
2,Bear_education_Lewis,2016-12-24 19:00:00,16.5,15.361666495940948,0.0,1.1383335040590516
2,Bear_education_Lewis,2016-12-24 20:00:00,16.25,15.523781195589752,0.0,0.726218804410248
2,Bear_education_Lewis,2016-12-24 21:00:00,16.0,15.523781195589752,0.0,0.476218804410248
2,Bear_education_Lewis,2016-12-24 22:00:00,15.75,15.514978785615321,0.0,0.2350212143846786
2,Bear_education_Lewis,2016-12-24 23:00:00,15.5,15.453574928494868,0.0,0.046425071505131754
2,Rat_office_Randy,2016-12-24 00:00:00,80.28,78.18701366751884,0.0,2.0929863324811606
2,Rat_office_Randy,2016-12-24 01:00:00,82.27,80.3040342506283,0.0,1.9659657493716907
2,Rat_office_Randy,2016-12-24 02:00:00,81.57,79.66237596816228,0.0,1.9076240318377131
2,Rat_office_Randy,2016-12-24 03:00:00,81.06,79.66237596816228,1.0,1.3976240318377222
2,Rat_office_Randy,2016-12-24 04:00:00,80.81,78.4586929950068,1.0,2.3513070049932026
2,Rat_office_Randy,2016-12-24 05:00:00,90.22,86.59392644768498,1.0,3.6260735523150203
2,Rat_office_Randy,2016-12-24 06:00:00,89.54,80.3274853047357,1.0,9.212514695264304
2,Rat_office_Randy,2016-12-24 07:00:00,89.35,78.78528938953767,1.0,10.564710610462328
2,Rat_office_Randy,2016-12-24 08:00:00,87.93,90.72356474002264,1.0,2.7935647400226316
2,Rat_office_Randy,2016-12-24 09:00:00,83.88,91.98708430846422,1.0,8.107084308464223
2,Rat_office_Randy,2016-12-24 10:00:00,84.08,91.96469587753722,1.0,7.884695877537226
2,Rat_office_Randy,2016-12-24 11:00:00,83.95,91.96469587753722,1.0,8.014695877537221
2,Rat_office_Randy,2016-12-24 12:00:00,84.19,93.11048312873297,1.0,8.920483128732968
2,Rat_office_Randy,2016-12-24 13:00:00,82.57,92.60722826637746,1.0,10.037228266377468
2,Rat_office_Randy,2016-12-24 14:00:00,82.29,94.01524542217723,1.0,11.725245422177224
2,Rat_office_Randy,2016-12-24 15:00:00,82.1,93.07944745064114,1.0,10.979447450641146
2,Rat_office_Randy,2016-12-24 16:00:00,81.94,92.87507819794277,1.0,10.935078197942772
2,Rat_office_Randy,2016-12-24 17:00:00,81.22,91.94032658885463,1.0,10.720326588854633
2,Rat_office_Randy,2016-12-24 18:00:00,88.28,90.84392621368008,1.0,2.5639262136800767
2,Rat_office_Randy,2016-12-24 19:00:00,88.55,90.41138770470266,1.0,1.8613877047026648
2,Rat_office_Randy,2016-12-24 20:00:00,87.91,86.73814521115668,1.0,1.1718547888433193
2,Rat_office_Randy,2016-12-24 21:00:00,76.5,83.50016902860207,1.0,7.000169028602073
2,Rat_office_Randy,2016-12-24 22:00:00,76.59,83.50016902860207,1.0,6.91016902860207
2,Rat_office_Randy,2016-12-24 23:00:00,77.54,83.31348310124145,1.0,5.773483101241439
2,Rat_assembly_Pauline,2016-12-24 00:00:00,1.2466666666666666,0.9980824604055399,0.0,0.24858420626112665
2,Rat_assembly_Pauline,2016-12-24 01:00:00,1.2533333333333334,1.0114295588523468,0.0,0.24190377448098666
2,Rat_assembly_Pauline,2016-12-24 02:00:00,1.26,1.0776085561661983,0.0,0.18239144383380168
2,Rat_assembly_Pauline,2016-12-24 03:00:00,1.2666666666666666,1.0776085561661983,0.0,0.18905811050046828
2,Rat_assembly_Pauline,2016-12-24 04:00:00,1.2733333333333334,0.9848072654629884,0.0,0.28852606787034507
2,Rat_assembly_Pauline,2016-12-24 05:00:00,1.28,1.2847212914534607,0.0,0.004721291453460674
2,Rat_assembly_Pauline,2016-12-24 06:00:00,1.24,1.1721236555469234,0.0,0.06787634445307655
2,Rat_assembly_Pauline,2016-12-24 07:00:00,1.16,1.0034631827872085,0.0,0.15653681721279145
2,Rat_assembly_Pauline,2016-12-24 08:00:00,0.92,0.7803975602204751,0.0,0.1396024397795249
2,Rat_assembly_Pauline,2016-12-24 09:00:00,0.72,0.7904082476878619,0.0,0.07040824768786191
2,Rat_assembly_Pauline,2016-12-24 10:00:00,0.7,0.6964457119657228,0.0,0.0035542880342771532
2,Rat_assembly_Pauline,2016-12-24 11:00:00,0.6799999999999999,0.6964457119657228,0.0,0.016445711965722865
2,Rat_assembly_Pauline,2016-12-24 12:00:00,0.66,0.8109952305372894,0.0,0.15099523053728936
2,Rat_assembly_Pauline,2016-12-24 13:00:00,0.64,0.8271118037575576,0.0,0.18711180375755754
2,Rat_assembly_Pauline,2016-12-24 14:00:00,0.6,0.8261002928969808,0.0,0.22610029289698086
2,Rat_assembly_Pauline,2016-12-24 15:00:00,0.56,0.8349027028714118,0.0,0.2749027028714117
2,Rat_assembly_Pauline,2016-12-24 16:00:00,0.76,0.92940961086391,0.0,0.16940961086391004
2,Rat_assembly_Pauline,2016-12-24 17:00:00,0.92,0.92940961086391,0.0,0.009409610863910012
2,Rat_assembly_Pauline,2016-12-24 18:00:00,1.04,0.9376314665023505,0.0,0.10236853349764952
2,Rat_assembly_Pauline,2016-12-24 19:00:00,0.0,1.0393586978807385,0.0,1.0393586978807385
2,Rat_assembly_Pauline,2016-12-24 20:00:00,1.12,1.2196056813402893,0.0,0.09960568134028924
2,Rat_assembly_Pauline,2016-12-24 21:00:00,1.12,1.2196056813402893,0.0,0.09960568134028924
2,Rat_assembly_Pauline,2016-12-24 22:00:00,1.12,1.2108032713658583,0.0,0.0908032713658582
2,Rat_assembly_Pauline,2016-12-24 23:00:00,1.12,1.157923252666314,0.0,0.0379232526663138
2,Rat_office_Craig,2016-12-24 00:00:00,206.14,202.45125831527446,0.0,3.688741684725528
2,Rat_office_Craig,2016-12-24 01:00:00,207.0,200.89984445548166,0.0,6.100155544518344
2,Rat_office_Craig,2016-12-24 02:00:00,205.93,201.0491313671477,0.0,4.880868632852298
2,Rat_office_Craig,2016-12-24 03:00:00,205.7,198.50872726530253,0.0,7.191272734697463
2,Rat_office_Craig,2016-12-24 04:00:00,203.19,198.4293746277074,0.0,4.760625372292594
2,Rat_office_Craig,2016-12-24 05:00:00,202.83,197.3185898606712,0.0,5.511410139328802
2,Rat_office_Craig,2016-12-24 06:00:00,201.98,199.32971795140563,0.0,2.650282048594363
2,Rat_office_Craig,2016-12-24 07:00:00,204.14,194.291627712523,0.0,9.848372287476991
2,Rat_office_Craig,2016-12-24 08:00:00,195.35,178.9023351613514,0.0,16.447664838648592
2,Rat_office_Craig,2016-12-24 09:00:00,184.66,183.59239537571597,0.0,1.06760462428403
2,Rat_office_Craig,2016-12-24 10:00:00,191.03,182.07170742528848,0.0,8.958292574711521
2,Rat_office_Craig,2016-12-24 11:00:00,195.47,183.89068344169536,0.0,11.57931655830464
2,Rat_office_Craig,2016-12-24 12:00:00,196.09,178.47059661361155,0.0,17.619403386388456
2,Rat_office_Craig,2016-12-24 13:00:00,199.24,178.68869253819702,0.0,20.551307461802992
2,Rat_office_Craig,2016-12-24 14:00:00,195.19,180.47901306022783,0.0,14.71098693977217
2,Rat_office_Craig,2016-12-24 15:00:00,194.72,182.3270534072358,0.0,12.39294659276419
2,Rat_office_Craig,2016-12-24 16:00:00,188.47,182.70026641759674,0.0,5.769733582403262
2,Rat_office_Craig,2016-12-24 17:00:00,183.52,183.62430679261504,0.0,0.10430679261503428
2,Rat_office_Craig,2016-12-24 18:00:00,200.44,200.81467303577924,0.0,0.3746730357792387
2,Rat_office_Craig,2016-12-24 19:00:00,204.79,203.7006672837044,0.0,1.089332716295587
2,Rat_office_Craig,2016-12-24 20:00:00,203.94,203.50135227759625,0.0,0.4386477224037435
2,Rat_office_Craig,2016-12-24 21:00:00,202.65,203.50135227759625,0.0,0.8513522775962485
2,Rat_office_Craig,2016-12-24 22:00:00,200.44,200.46082027603975,0.0,0.02082027603975689
2,Rat_office_Craig,2016-12-24 23:00:00,201.96,200.3413533007685,0.0,1.6186466992315047
3,Hog_parking_Antoinette,2016-12-31 00:00:00,14.88888888888889,17.32486460253421,1.0,2.4359757136453197
3,Hog_parking_Antoinette,2016-12-31 01:00:00,14.666666666666666,18.060126693098866,1.0,3.3934600264321997
3,Hog_parking_Antoinette,2016-12-31 02:00:00,14.444444444444445,18.074123705307215,1.0,3.629679260862771
3,Hog_parking_Antoinette,2016-12-31 03:00:00,14.22222222222222,18.074123705307215,1.0,3.851901483084996
3,Hog_parking_Antoinette,2016-12-31 04:00:00,14.0,17.695730178459627,0.0,3.695730178459627
3,Hog_parking_Antoinette,2016-12-31 05:00:00,18.33333333333333,18.091486603155168,0.0,0.24184673017816039
3,Hog_parking_Antoinette,2016-12-31 06:00:00,22.666666666666664,18.843446264013426,0.0,3.823220402653238
3,Hog_parking_Antoinette,2016-12-31 07:00:00,27.0,21.501359686855515,0.0,5.4986403131444845
3,Hog_parking_Antoinette,2016-12-31 08:00:00,25.666666666666668,23.629280493782392,0.0,2.0373861728842755
3,Hog_parking_Antoinette,2016-12-31 09:00:00,24.33333333333333,23.315401229985902,0.0,1.0179321033474267
3,Hog_parking_Antoinette,2016-12-31 10:00:00,23.0,23.453764970069948,0.0,0.45376497006994754
3,Hog_parking_Antoinette,2016-12-31 11:00:00,19.0,21.954974170660073,0.0,2.9549741706600727
3,Hog_parking_Antoinette,2016-12-31 12:00:00,18.666666666666668,22.9412413104756,0.0,4.274574643808933
3,Hog_parking_Antoinette,2016-12-31 13:00:00,18.33333333333333,22.528702038409055,0.0,4.195368705075726
3,Hog_parking_Antoinette,2016-12-31 14:00:00,18.0,21.42858541257989,0.0,3.4285854125798885
3,Hog_parking_Antoinette,2016-12-31 15:00:00,17.666666666666668,20.68907313114443,0.0,3.0224064644777613
3,Hog_parking_Antoinette,2016-12-31 16:00:00,17.333333333333332,19.448992502349952,0.0,2.11565916901662
3,Hog_parking_Antoinette,2016-12-31 17:00:00,17.0,17.990988365409073,0.0,0.9909883654090734
3,Hog_parking_Antoinette,2016-12-31 18:00:00,16.666666666666668,15.005079533803976,0.0,1.6615871328626923
3,Hog_parking_Antoinette,2016-12-31 19:00:00,16.333333333333332,15.809909991238676,0.0,0.5234233420946559
3,Hog_parking_Antoinette,2016-12-31 20:00:00,16.0,15.809909991238676,0.0,0.19009000876132376
3,Hog_parking_Antoinette,2016-12-31 21:00:00,16.0,15.809909991238676,0.0,0.19009000876132376
3,Hog_parking_Antoinette,2016-12-31 22:00:00,16.0,15.809909991238676,0.0,0.19009000876132376
3,Hog_parking_Antoinette,2016-12-31 23:00:00,16.0,15.324799708442173,0.0,0.675200291557827
3,Fox_office_Vicki,2016-12-31 00:00:00,102.61,100.4997407591725,0.0,2.110259240827503
3,Fox_office_Vicki,2016-12-31 01:00:00,104.28,93.29763978375348,0.0,10.98236021624652
3,Fox_office_Vicki,2016-12-31 02:00:00,103.3,89.59996683135853,0.0,13.700033168641468
3,Fox_office_Vicki,2016-12-31 03:00:00,103.82,88.45811928186102,0.0,15.361880718138977
3,Fox_office_Vicki,2016-12-31 04:00:00,104.94,87.39018373577052,0.0,17.549816264229477
3,Fox_office_Vicki,2016-12-31 05:00:00,104.46,88.58202894459849,0.0,15.877971055401503
3,Fox_office_Vicki,2016-12-31 06:00:00,105.63,89.57230549439046,0.0,16.057694505609533
3,Fox_office_Vicki,2016-12-31 07:00:00,106.82,92.07951554012853,0.0,14.740484459871467
3,Fox_office_Vicki,2016-12-31 08:00:00,102.68,97.81346674334448,0.0,4.866533256655529
3,Fox_office_Vicki,2016-12-31 09:00:00,102.97,96.69513962534091,0.0,6.2748603746590845
3,Fox_office_Vicki,2016-12-31 10:00:00,105.67,101.8596046408391,0.0,3.810395359160907
3,Fox_office_Vicki,2016-12-31 11:00:00,102.71,102.62782253980082,0.0,0.08217746019917627
3,Fox_office_Vicki,2016-12-31 12:00:00,101.51,101.60453107090946,0.0,0.09453107090945423
3,Fox_office_Vicki,2016-12-31 13:00:00,102.88,106.11988198126225,0.0,3.2398819812622577
3,Fox_office_Vicki,2016-12-31 14:00:00,102.53,110.61639306582978,0.0,8.086393065829782
3,Fox_office_Vicki,2016-12-31 15:00:00,104.37,112.85189944868829,0.0,8.481899448688281
3,Fox_office_Vicki,2016-12-31 16:00:00,104.1,105.44174864502077,0.0,1.3417486450207718
3,Fox_office_Vicki,2016-12-31 17:00:00,102.3,96.68957299279202,0.0,5.610427007207974
3,Fox_office_Vicki,2016-12-31 18:00:00,103.2,97.67505357543585,0.0,5.524946424564149
3,Fox_office_Vicki,2016-12-31 19:00:00,102.01,98.07087586427028,0.0,3.9391241357297275
3,Fox_office_Vicki,2016-12-31 20:00:00,99.6,98.60883348076914,0.0,0.991166519230859
3,Fox_office_Vicki,2016-12-31 21:00:00,104.19,94.67449586469817,0.0,9.515504135301825
3,Fox_office_Vicki,2016-12-31 22:00:00,105.75,93.86701747535629,0.0,11.882982524643708
3,Fox_office_Vicki,2016-12-31 23:00:00,102.61,95.8831170375589,0.0,6.7268829624410955
3,Fox_office_Joy,2016-12-31 00:00:00,133.27,128.54907707330779,0.0,4.720922926692225
3,Fox_office_Joy,2016-12-31 01:00:00,128.93,122.38007663830112,0.0,6.5499233616988874
3,Fox_office_Joy,2016-12-31 02:00:00,132.82,126.985504863373,0.0,5.834495136626998
3,Fox_office_Joy,2016-12-31 03:00:00,131.94,125.51880575294491,0.0,6.421194247055084
3,Fox_office_Joy,2016-12-31 04:00:00,132.38,121.62872354700895,0.0,10.75127645299105
3,Fox_office_Joy,2016-12-31 05:00:00,129.56,126.16718778883643,0.0,3.392812211163573
3,Fox_office_Joy,2016-12-31 06:00:00,133.45,127.84339607443984,0.0,5.606603925560151
3,Fox_office_Joy,2016-12-31 07:00:00,129.01,130.16402061938584,0.0,1.1540206193858467
3,Fox_office_Joy,2016-12-31 08:00:00,124.21,130.088722108378,0.0,5.878722108378
3,Fox_office_Joy,2016-12-31 09:00:00,127.75,140.21332263070016,0.0,12.463322630700162
3,Fox_office_Joy,2016-12-31 10:00:00,138.13,156.38146914100875,0.0,18.251469141008755
3,Fox_office_Joy,2016-12-31 11:00:00,138.33,155.02504809548444,0.0,16.695048095484424
3,Fox_office_Joy,2016-12-31 12:00:00,139.45,158.3406701306326,0.0,18.8906701306326
3,Fox_office_Joy,2016-12-31 13:00:00,141.22,155.90153325152008,0.0,14.68153325152008
3,Fox_office_Joy,2016-12-31 14:00:00,140.3,155.17578123159723,0.0,14.875781231597216
3,Fox_office_Joy,2016-12-31 15:00:00,142.46,155.01918598957928,0.0,12.559185989579277
3,Fox_office_Joy,2016-12-31 16:00:00,138.3,149.5260343562774,0.0,11.226034356277381
3,Fox_office_Joy,2016-12-31 17:00:00,132.35,139.63853521637935,0.0,7.288535216379358
3,Fox_office_Joy,2016-12-31 18:00:00,143.03,140.78677876522175,0.0,2.2432212347782468
3,Fox_office_Joy,2016-12-31 19:00:00,141.91,140.5671858189712,0.0,1.3428141810287855
3,Fox_office_Joy,2016-12-31 20:00:00,142.67,138.30908856963867,0.0,4.360911430361313
3,Fox_office_Joy,2016-12-31 21:00:00,140.14,137.39445373733614,0.0,2.7455462626638507
3,Fox_office_Joy,2016-12-31 22:00:00,135.22,137.2082239730729,0.0,1.9882239730729054
3,Fox_office_Joy,2016-12-31 23:00:00,129.43,135.77773738887143,0.0,6.347737388871423
3,Hog_services_Marshall,2016-12-31 00:00:00,63.222,53.44758760265003,0.0,9.77441239734997
3,Hog_services_Marshall,2016-12-31 01:00:00,60.772,75.53047445493345,0.0,14.758474454933456
3,Hog_services_Marshall,2016-12-31 02:00:00,56.544,53.156084310737064,0.0,3.3879156892629325
3,Hog_services_Marshall,2016-12-31 03:00:00,57.292,53.156084310737064,0.0,4.135915689262937
3,Hog_services_Marshall,2016-12-31 04:00:00,57.213,53.429716759463616,0.0,3.7832832405363845
3,Hog_services_Marshall,2016-12-31 05:00:00,57.25100000000001,53.53750757900189,0.0,3.713492420998122
3,Hog_services_Marshall,2016-12-31 06:00:00,57.31800000000001,74.92308809988792,0.0,17.605088099887908
3,Hog_services_Marshall,2016-12-31 07:00:00,57.519,79.47094747970117,0.0,21.951947479701168
3,Hog_services_Marshall,2016-12-31 08:00:00,57.57899999999999,78.9589328481193,0.0,21.37993284811931
3,Hog_services_Marshall,2016-12-31 09:00:00,57.53100000000001,78.82105504729373,0.0,21.290055047293713
3,Hog_services_Marshall,2016-12-31 10:00:00,56.225,77.98201464599441,0.0,21.75701464599441
3,Hog_services_Marshall,2016-12-31 11:00:00,55.938,77.42027610080969,0.0,21.482276100809685
3,Hog_services_Marshall,2016-12-31 12:00:00,57.094,55.36191440546874,0.0,1.732085594531263
3,Hog_services_Marshall,2016-12-31 13:00:00,58.019,53.29109087642088,0.0,4.727909123579117
3,Hog_services_Marshall,2016-12-31 14:00:00,56.76300000000001,55.34541897124736,0.0,1.4175810287526502
3,Hog_services_Marshall,2016-12-31 15:00:00,57.032,55.34541897124736,0.0,1.6865810287526344
3,Hog_services_Marshall,2016-12-31 16:00:00,56.112,55.013916016479136,0.0,1.0980839835208656
3,Hog_services_Marshall,2016-12-31 17:00:00,57.317,53.947252048806924,0.0,3.3697479511930766
3,Hog_services_Marshall,2016-12-31 18:00:00,57.967,52.279613785215744,0.0,5.687386214784254
3,Hog_services_Marshall,2016-12-31 19:00:00,58.473,52.545058416898165,0.0,5.927941583101834
3,Hog_services_Marshall,2016-12-31 20:00:00,57.598,52.86884963152504,0.0,4.729150368474961
3,Hog_services_Marshall,2016-12-31 21:00:00,58.05,52.93733013738258,0.0,5.112669862617416
3,Hog_services_Marshall,2016-12-31 22:00:00,57.319,52.93733013738258,0.0,4.3816698626174215
3,Hog_services_Marshall,2016-12-31 23:00:00,57.478,53.08386231818097,0.0,4.394137681819032
3,Bull_office_Ella,2016-12-31 00:00:00,82.0,78.86086845273138,0.0,3.1391315472686188
3,Bull_office_Ella,2016-12-31 01:00:00,81.0,95.27756392173177,0.0,14.277563921731769
3,Bull_office_Ella,2016-12-31 02:00:00,78.0,99.79205214296296,0.0,21.79205214296296
3,Bull_office_Ella,2016-12-31 03:00:00,83.0,96.81028317217388,0.0,13.810283172173882
3,Bull_office_Ella,2016-12-31 04:00:00,80.4,101.46709715231434,0.0,21.067097152314332
3,Bull_office_Ella,2016-12-31 05:00:00,77.8,103.14303122744154,0.0,25.343031227441543
3,Bull_office_Ella,2016-12-31 06:00:00,75.2,150.84025471901992,0.0,75.64025471901992
3,Bull_office_Ella,2016-12-31 07:00:00,72.6,107.94110262783974,0.0,35.341102627839746
3,Bull_office_Ella,2016-12-31 08:00:00,70.0,82.23321920922753,0.0,12.233219209227528
3,Bull_office_Ella,2016-12-31 09:00:00,57.0,57.39355446579612,0.0,0.39355446579612163
3,Bull_office_Ella,2016-12-31 10:00:00,58.0,55.144113409935024,0.0,2.8558865900649764
3,Bull_office_Ella,2016-12-31 11:00:00,56.0,54.392175194674344,0.0,1.6078248053256559
3,Bull_office_Ella,2016-12-31 12:00:00,55.0,54.95026211068874,0.0,0.049737889311259664
3,Bull_office_Ella,2016-12-31 13:00:00,59.0,54.973686478407,0.0,4.0263135215930035
3,Bull_office_Ella,2016-12-31 14:00:00,56.0,54.184208576014726,0.0,1.8157914239852744
3,Bull_office_Ella,2016-12-31 15:00:00,55.0,54.936146791275405,0.0,0.06385320872459488
3,Bull_office_Ella,2016-12-31 16:00:00,57.0,55.473071887114635,0.0,1.526928112885365
3,Bull_office_Ella,2016-12-31 17:00:00,56.0,54.79246916265573,0.0,1.2075308373442724
3,Bull_office_Ella,2016-12-31 18:00:00,57.0,56.068352980270404,0.0,0.9316470197295956
3,Bull_office_Ella,2016-12-31 19:00:00,61.0,56.793795266341746,0.0,4.206204733658254
3,Bull_office_Ella,2016-12-31 20:00:00,65.75,75.08695907938096,0.0,9.33695907938096
3,Bull_office_Ella,2016-12-31 21:00:00,70.5,76.67416182347228,0.0,6.174161823472275
3,Bull_office_Ella,2016-12-31 22:00:00,75.25,76.68054223088728,0.0,1.4305422308872835
3,Bull_office_Ella,2016-12-31 23:00:00,80.0,77.01924488300538,0.0,2.980755116994615
3,Fox_education_Elvira,2016-12-31 00:00:00,120.79,121.65015102806912,0.0,0.8601510280691116
3,Fox_education_Elvira,2016-12-31 01:00:00,121.3,126.83777996270456,0.0,5.537779962704562
3,Fox_education_Elvira,2016-12-31 02:00:00,124.53,119.16169275088077,0.0,5.368307249119226
3,Fox_education_Elvira,2016-12-31 03:00:00,121.04,119.16169275088077,0.0,1.8783072491192314
3,Fox_education_Elvira,2016-12-31 04:00:00,130.83,125.43058357814186,0.0,5.399416421858149
3,Fox_education_Elvira,2016-12-31 05:00:00,213.9,193.82622708142085,0.0,20.073772918579152
3,Fox_education_Elvira,2016-12-31 06:00:00,256.3,246.73868901603828,0.0,9.561310983961732
3,Fox_education_Elvira,2016-12-31 07:00:00,271.1,262.5779907283439,0.0,8.522009271656145
3,Fox_education_Elvira,2016-12-31 08:00:00,254.55,261.0406704754537,0.0,6.490670475453669
3,Fox_education_Elvira,2016-12-31 09:00:00,251.41,259.8093785112719,0.0,8.39937851127192
3,Fox_education_Elvira,2016-12-31 10:00:00,227.12,242.7887867547013,0.0,15.668786754701301
3,Fox_education_Elvira,2016-12-31 11:00:00,204.67,228.02788303785627,0.0,23.357883037856283
3,Fox_education_Elvira,2016-12-31 12:00:00,199.03,203.54026942058346,0.0,4.510269420583455
3,Fox_education_Elvira,2016-12-31 13:00:00,193.85,195.05187402700813,0.0,1.201874027008131
3,Fox_education_Elvira,2016-12-31 14:00:00,184.45,195.66013625664328,0.0,11.210136256643295
3,Fox_education_Elvira,2016-12-31 15:00:00,196.68,216.87984657299776,0.0,20.199846572997757
3,Fox_education_Elvira,2016-12-31 16:00:00,198.78,226.6149677299061,0.0,27.83496772990611
3,Fox_education_Elvira,2016-12-31 17:00:00,182.64,226.60185833622245,0.0,43.96185833622246
3,Fox_education_Elvira,2016-12-31 18:00:00,200.39,227.1349571910595,0.0,26.744957191059513
3,Fox_education_Elvira,2016-12-31 19:00:00,197.07,225.46159350797774,0.0,28.391593507977746
3,Fox_education_Elvira,2016-12-31 20:00:00,189.45,226.40218727280717,0.0,36.95218727280718
3,Fox_education_Elvira,2016-12-31 21:00:00,145.71,172.09204095162661,0.0,26.382040951626607
3,Fox_education_Elvira,2016-12-31 22:00:00,124.86,133.02919638126446,0.0,8.169196381264456
3,Fox_education_Elvira,2016-12-31 23:00:00,125.8,131.49999868490372,0.0,5.6999986849037185
3,Bull_office_Sally,2016-12-31 00:00:00,103.0,99.40595236219339,0.0,3.594047637806611
3,Bull_office_Sally,2016-12-31 01:00:00,58.0,100.23489314794368,0.0,42.23489314794368
3,Bull_office_Sally,2016-12-31 02:00:00,52.0,118.12714444234216,0.0,66.12714444234216
3,Bull_office_Sally,2016-12-31 03:00:00,53.0,103.85310107359304,0.0,50.85310107359304
3,Bull_office_Sally,2016-12-31 04:00:00,54.0,95.08684176742236,0.0,41.08684176742236
3,Bull_office_Sally,2016-12-31 05:00:00,55.0,128.30534008480166,0.0,73.30534008480166
3,Bull_office_Sally,2016-12-31 06:00:00,56.0,63.88805608862172,0.0,7.888056088621717
3,Bull_office_Sally,2016-12-31 07:00:00,59.0,60.13784161283941,0.0,1.1378416128394093
3,Bull_office_Sally,2016-12-31 08:00:00,68.0,55.305944198539734,0.0,12.694055801460266
3,Bull_office_Sally,2016-12-31 09:00:00,62.0,55.39820727804769,0.0,6.601792721952307
3,Bull_office_Sally,2016-12-31 10:00:00,84.0,55.39053450936796,0.0,28.60946549063204
3,Bull_office_Sally,2016-12-31 11:00:00,113.0,152.057066262617,0.0,39.05706626261701
3,Bull_office_Sally,2016-12-31 12:00:00,102.0,148.0340045381917,0.0,46.03400453819171
3,Bull_office_Sally,2016-12-31 13:00:00,91.0,124.62535414261961,0.0,33.625354142619614
3,Bull_office_Sally,2016-12-31 14:00:00,88.0,122.7067190778364,0.0,34.7067190778364
3,Bull_office_Sally,2016-12-31 15:00:00,85.0,62.3895692881046,0.0,22.610430711895397
3,Bull_office_Sally,2016-12-31 16:00:00,55.0,71.30715501135563,0.0,16.307155011355633
3,Bull_office_Sally,2016-12-31 17:00:00,52.0,112.47968287483431,0.0,60.47968287483431
3,Bull_office_Sally,2016-12-31 18:00:00,53.0,164.21061934426794,0.0,111.21061934426794
3,Bull_office_Sally,2016-12-31 19:00:00,54.0,163.0225994797782,0.0,109.0225994797782
3,Bull_office_Sally,2016-12-31 20:00:00,53.4,74.36048415831432,0.0,20.960484158314323
3,Bull_office_Sally,2016-12-31 21:00:00,52.8,60.49220309588914,0.0,7.692203095889141
3,Bull_office_Sally,2016-12-31 22:00:00,52.2,70.29845480624007,0.0,18.09845480624007
3,Bull_office_Sally,2016-12-31 23:00:00,51.6,46.22756112841195,0.0,5.372438871588052
3,Fox_education_Charles,2016-12-31 00:00:00,9.41,8.521164976279383,0.0,0.8888350237206168
3,Fox_education_Charles,2016-12-31 01:00:00,9.39,9.477674179695331,0.0,0.08767417969533042
3,Fox_education_Charles,2016-12-31 02:00:00,9.43,9.481590343303674,0.0,0.0515903433036744
3,Fox_education_Charles,2016-12-31 03:00:00,9.38,9.481590343303674,0.0,0.10159034330367334
3,Fox_education_Charles,2016-12-31 04:00:00,9.32,9.481590343303674,0.0,0.16159034330367383
3,Fox_education_Charles,2016-12-31 05:00:00,9.3,9.629727338735522,0.0,0.3297273387355215
3,Fox_education_Charles,2016-12-31 06:00:00,9.24,9.598049721160667,0.0,0.3580497211606666
3,Fox_education_Charles,2016-12-31 07:00:00,8.52,10.741405638950843,0.0,2.221405638950843
3,Fox_education_Charles,2016-12-31 08:00:00,8.05,9.4249675881949,0.0,1.3749675881948988
3,Fox_education_Charles,2016-12-31 09:00:00,7.77,9.423995830617917,0.0,1.6539958306179177
3,Fox_education_Charles,2016-12-31 10:00:00,7.91,9.40257479642144,0.0,1.4925747964214402
3,Fox_education_Charles,2016-12-31 11:00:00,7.97,9.40257479642144,0.0,1.4325747964214406
3,Fox_education_Charles,2016-12-31 12:00:00,8.43,10.577091834681504,0.0,2.147091834681504
3,Fox_education_Charles,2016-12-31 13:00:00,8.46,9.456300468159911,0.0,0.9963004681599106
3,Fox_education_Charles,2016-12-31 14:00:00,8.04,9.454326828429966,0.0,1.4143268284299673
3,Fox_education_Charles,2016-12-31 15:00:00,7.86,8.490139635991337,0.0,0.6301396359913367
3,Fox_education_Charles,2016-12-31 16:00:00,8.19,8.525468862067708,0.0,0.33546886206770843
3,Fox_education_Charles,2016-12-31 17:00:00,8.23,9.520268790941289,0.0,1.2902687909412887
3,Fox_education_Charles,2016-12-31 18:00:00,8.7,9.505777746154338,0.0,0.8057777461543392
3,Fox_education_Charles,2016-12-31 19:00:00,9.13,9.52069592005398,0.0,0.3906959200539788
3,Fox_education_Charles,2016-12-31 20:00:00,8.96,9.52069592005398,0.0,0.5606959200539787
3,Fox_education_Charles,2016-12-31 21:00:00,8.73,9.52069592005398,0.0,0.7906959200539792
3,Fox_education_Charles,2016-12-31 22:00:00,8.75,9.52069592005398,0.0,0.7706959200539796
3,Fox_education_Charles,2016-12-31 23:00:00,8.73,9.511561265044298,0.0,0.7815612650442976
3,Bear_education_Chad,2016-12-31 00:00:00,836.5917,796.1289111942903,0.0,40.46278880570969
3,Bear_education_Chad,2016-12-31 01:00:00,848.4844,825.8002771779582,0.0,22.6841228220419
3,Bear_education_Chad,2016-12-31 02:00:00,832.0627,822.5776020795922,0.0,9.485097920407725
3,Bear_education_Chad,2016-12-31 03:00:00,792.302,806.4827314393686,0.0,14.180731439368628
3,Bear_education_Chad,2016-12-31 04:00:00,784.8499,816.9374413267644,0.0,32.08754132676438
3,Bear_education_Chad,2016-12-31 05:00:00,819.0039,828.1448246422968,0.0,9.140924642296795
3,Bear_education_Chad,2016-12-31 06:00:00,871.1234,841.9931257162364,0.0,29.130274283763583
3,Bear_education_Chad,2016-12-31 07:00:00,884.5686,843.798376536038,0.0,40.770223463962
3,Bear_education_Chad,2016-12-31 08:00:00,907.062,855.2743035114776,0.0,51.78769648852244
3,Bear_education_Chad,2016-12-31 09:00:00,895.8861,830.3529896904602,0.0,65.5331103095399
3,Bear_education_Chad,2016-12-31 10:00:00,908.0113,834.3148750947312,0.0,73.69642490526883
3,Bear_education_Chad,2016-12-31 11:00:00,912.2204,828.2027436704883,0.0,84.01765632951174
3,Bear_education_Chad,2016-12-31 12:00:00,876.5901,821.4292665355571,0.0,55.16083346444293
3,Bear_education_Chad,2016-12-31 13:00:00,908.0436,868.2696184291284,0.0,39.77398157087157
3,Bear_education_Chad,2016-12-31 14:00:00,921.1474,858.0588317064866,0.0,63.08856829351339
3,Bear_education_Chad,2016-12-31 15:00:00,907.9586,865.6659870030146,0.0,42.29261299698544
3,Bear_education_Chad,2016-12-31 16:00:00,823.4462,828.6620656372403,0.0,5.215865637240313
3,Bear_education_Chad,2016-12-31 17:00:00,815.1016,849.0777951705194,0.0,33.97619517051942
3,Bear_education_Chad,2016-12-31 18:00:00,794.9615,837.0553577415394,0.0,42.09385774153941
3,Bear_education_Chad,2016-12-31 19:00:00,800.2101,768.489878723176,0.0,31.720221276823963
3,Bear_education_Chad,2016-12-31 20:00:00,793.4034,749.0383202614095,0.0,44.365079738590566
3,Bear_education_Chad,2016-12-31 21:00:00,715.6931,733.5327906866211,0.0,17.83969068662111
3,Bear_education_Chad,2016-12-31 22:00:00,795.9178,733.2630130134484,0.0,62.6547869865517
3,Bear_education_Chad,2016-12-31 23:00:00,808.4923,768.9969571890797,0.0,39.495342810920306
3,Rat_office_Lora,2016-12-31 00:00:00,214.31,217.7546393054079,0.0,3.4446393054078897
3,Rat_office_Lora,2016-12-31 01:00:00,221.87,218.32753880166115,0.0,3.542461198338856
3,Rat_office_Lora,2016-12-31 02:00:00,228.74,218.34153581386948,0.0,10.398464186130525
3,Rat_office_Lora,2016-12-31 03:00:00,226.59,218.25607698036185,0.0,8.33392301963815
3,Rat_office_Lora,2016-12-31 04:00:00,221.35,217.51225181425585,0.0,3.8377481857441467
3,Rat_office_Lora,2016-12-31 05:00:00,245.45,238.9155067872657,0.0,6.534493212734276
3,Rat_office_Lora,2016-12-31 06:00:00,247.86,268.54489157859064,0.0,20.684891578590623
3,Rat_office_Lora,2016-12-31 07:00:00,246.31,291.1820329977431,0.0,44.87203299774308
3,Rat_office_Lora,2016-12-31 08:00:00,263.36,282.03104546532467,0.0,18.671045465324653
3,Rat_office_Lora,2016-12-31 09:00:00,270.97,304.3884328359135,0.0,33.41843283591345
3,Rat_office_Lora,2016-12-31 10:00:00,267.48,304.77752814156895,0.0,37.29752814156893
3,Rat_office_Lora,2016-12-31 11:00:00,257.13,301.97903033398666,0.0,44.84903033398666
3,Rat_office_Lora,2016-12-31 12:00:00,253.53,282.0713154587156,0.0,28.541315458715616
3,Rat_office_Lora,2016-12-31 13:00:00,244.65,279.5158537271433,0.0,34.865853727143275
3,Rat_office_Lora,2016-12-31 14:00:00,242.57,293.3157726337436,0.0,50.74577263374363
3,Rat_office_Lora,2016-12-31 15:00:00,245.24,276.65168487076517,0.0,31.411684870765157
3,Rat_office_Lora,2016-12-31 16:00:00,241.78,273.7796273716913,0.0,31.999627371691275
3,Rat_office_Lora,2016-12-31 17:00:00,245.9,289.74041719190063,0.0,43.84041719190063
3,Rat_office_Lora,2016-12-31 18:00:00,240.68,266.9726737949147,0.0,26.29267379491472
3,Rat_office_Lora,2016-12-31 19:00:00,238.03,232.70447046671714,0.0,5.325529533282861
3,Rat_office_Lora,2016-12-31 20:00:00,240.22,235.11351570192,0.0,5.106484298080005
3,Rat_office_Lora,2016-12-31 21:00:00,236.81,234.74340981781268,0.0,2.0665901821873263
3,Rat_office_Lora,2016-12-31 22:00:00,236.8,232.18784557064387,0.0,4.6121544293561385
3,Rat_office_Lora,2016-12-31 23:00:00,221.91,220.51389697019601,0.0,1.3961030298039816
3,Rat_office_Adele,2016-12-31 00:00:00,243.4,226.95262027603397,0.0,16.447379723966037
3,Rat_office_Adele,2016-12-31 01:00:00,278.32,254.35395210887376,0.0,23.966047891126237
3,Rat_office_Adele,2016-12-31 02:00:00,250.21,227.32068227086302,0.0,22.88931772913699
3,Rat_office_Adele,2016-12-31 03:00:00,271.19,254.33324344674713,0.0,16.856756553252865
3,Rat_office_Adele,2016-12-31 04:00:00,255.82,223.93767765701358,0.0,31.882322342986413
3,Rat_office_Adele,2016-12-31 05:00:00,286.91,271.8894453177284,0.0,15.020554682271609
3,Rat_office_Adele,2016-12-31 06:00:00,308.99,295.5281052699838,0.0,13.461894730016184
3,Rat_office_Adele,2016-12-31 07:00:00,303.21,294.03974291898027,0.0,9.170257081019713
3,Rat_office_Adele,2016-12-31 08:00:00,308.54,298.46045390729904,0.0,10.07954609270098
3,Rat_office_Adele,2016-12-31 09:00:00,276.03,295.24642700165805,0.0,19.216427001658076
3,Rat_office_Adele,2016-12-31 10:00:00,275.43,290.2512142186532,0.0,14.82121421865321
3,Rat_office_Adele,2016-12-31 11:00:00,245.16,292.1518784715982,0.0,46.9918784715982
3,Rat_office_Adele,2016-12-31 12:00:00,253.44,281.82606661417987,0.0,28.386066614179867
3,Rat_office_Adele,2016-12-31 13:00:00,234.87,270.14382131299084,0.0,35.27382131299083
3,Rat_office_Adele,2016-12-31 14:00:00,248.57,265.60654462900806,0.0,17.036544629008063
3,Rat_office_Adele,2016-12-31 15:00:00,231.04,260.03987779913285,0.0,28.99987779913286
3,Rat_office_Adele,2016-12-31 16:00:00,260.77,255.85826588280275,0.0,4.911734117197227
3,Rat_office_Adele,2016-12-31 17:00:00,255.36,271.2356840405015,0.0,15.875684040501483
3,Rat_office_Adele,2016-12-31 18:00:00,267.98,273.54410344419637,0.0,5.564103444196348
3,Rat_office_Adele,2016-12-31 19:00:00,244.88,230.2729953378796,0.0,14.607004662120403
3,Rat_office_Adele,2016-12-31 20:00:00,244.13,228.14763972462143,0.0,15.982360275378568
3,Rat_office_Adele,2016-12-31 21:00:00,248.59,254.1036538920455,0.0,5.5136538920454825
3,Rat_office_Adele,2016-12-31 22:00:00,242.16,229.9312239502369,0.0,12.228776049763098
3,Rat_office_Adele,2016-12-31 23:00:00,270.92,257.7055014332503,0.0,13.21449856674974
3,Rat_assembly_Kelley,2016-12-31 00:00:00,5.92,5.657704758068109,0.0,0.26229524193189135
3,Rat_assembly_Kelley,2016-12-31 01:00:00,5.96,5.650026769045426,0.0,0.30997323095457396
3,Rat_assembly_Kelley,2016-12-31 02:00:00,6.04,5.365062474070242,0.0,0.6749375259297583
3,Rat_assembly_Kelley,2016-12-31 03:00:00,6.08,5.365062474070242,0.0,0.7149375259297583
3,Rat_assembly_Kelley,2016-12-31 04:00:00,6.346666666666667,5.365062474070242,0.0,0.981604192596425
3,Rat_assembly_Kelley,2016-12-31 05:00:00,6.613333333333333,5.382425371918193,0.0,1.2309079614151406
3,Rat_assembly_Kelley,2016-12-31 06:00:00,6.88,5.350747754343337,0.0,1.5292522456566626
3,Rat_assembly_Kelley,2016-12-31 07:00:00,5.92,5.381998242805502,0.0,0.5380017571944977
3,Rat_assembly_Kelley,2016-12-31 08:00:00,5.64,4.202077310426916,0.0,1.4379226895730834
3,Rat_assembly_Kelley,2016-12-31 09:00:00,5.0,4.201105552849933,0.0,0.798894447150067
3,Rat_assembly_Kelley,2016-12-31 10:00:00,4.76,4.195969902661964,0.0,0.5640300973380361
3,Rat_assembly_Kelley,2016-12-31 11:00:00,4.52,4.195969902661964,0.0,0.3240300973380359
3,Rat_assembly_Kelley,2016-12-31 12:00:00,4.4,4.165716050291857,0.0,0.2342839497081437
3,Rat_assembly_Kelley,2016-12-31 13:00:00,4.28,5.263392521632826,0.0,0.9833925216328261
3,Rat_assembly_Kelley,2016-12-31 14:00:00,4.0,5.261954294110814,0.0,1.2619542941108142
3,Rat_assembly_Kelley,2016-12-31 15:00:00,4.1066666666666665,5.261954294110814,0.0,1.1552876274441477
3,Rat_assembly_Kelley,2016-12-31 16:00:00,4.213333333333334,5.28099813617868,0.0,1.0676648028453464
3,Rat_assembly_Kelley,2016-12-31 17:00:00,4.32,5.311610872613631,0.0,0.9916108726136308
3,Rat_assembly_Kelley,2016-12-31 18:00:00,5.44,5.29711982782668,0.0,0.14288017217332083
3,Rat_assembly_Kelley,2016-12-31 19:00:00,4.84,6.345788448855983,0.0,1.5057884488559834
3,Rat_assembly_Kelley,2016-12-31 20:00:00,5.04,5.312038001726322,0.0,0.27203800172632153
3,Rat_assembly_Kelley,2016-12-31 21:00:00,4.92,5.610999308909854,0.0,0.6909993089098538
3,Rat_assembly_Kelley,2016-12-31 22:00:00,5.04,5.312038001726322,0.0,0.27203800172632153
3,Rat_assembly_Kelley,2016-12-31 23:00:00,5.053333333333334,5.404863655036638,0.0,0.35153032170330434
3,Rat_public_Julieann,2016-12-31 00:00:00,1.266,0.680299702815794,0.0,0.585700297184206
3,Rat_public_Julieann,2016-12-31 01:00:00,1.259,0.6726217137931112,0.0,0.5863782862068887
3,Rat_public_Julieann,2016-12-31 02:00:00,1.252,0.6866187260014588,0.0,0.5653812739985412
3,Rat_public_Julieann,2016-12-31 03:00:00,1.245,0.5738997454731923,0.0,0.6711002545268078
3,Rat_public_Julieann,2016-12-31 04:00:00,1.238,0.5738997454731923,0.0,0.6641002545268077
3,Rat_public_Julieann,2016-12-31 05:00:00,1.231,0.722036740905043,0.0,0.5089632590949571
3,Rat_public_Julieann,2016-12-31 06:00:00,1.224,0.6564130535853723,0.0,0.5675869464146277
3,Rat_public_Julieann,2016-12-31 07:00:00,1.217,0.6564130535853723,0.0,0.5605869464146278
3,Rat_public_Julieann,2016-12-31 08:00:00,1.21,0.45208043215743904,0.0,0.757919567842561
3,Rat_public_Julieann,2016-12-31 09:00:00,1.1933333333333334,0.45110867458045584,0.0,0.7422246587528776
3,Rat_public_Julieann,2016-12-31 10:00:00,1.1766666666666667,0.4146906525211329,0.0,0.7619760141455338
3,Rat_public_Julieann,2016-12-31 11:00:00,1.16,0.4146906525211329,0.0,0.745309347478867
3,Rat_public_Julieann,2016-12-31 12:00:00,1.143333333333333,0.3844368001510277,0.0,0.7588965331823054
3,Rat_public_Julieann,2016-12-31 13:00:00,1.1266666666666667,0.3757508629574464,0.0,0.7509158037092203
3,Rat_public_Julieann,2016-12-31 14:00:00,1.11,0.3743126354354333,0.0,0.7356873645645667
3,Rat_public_Julieann,2016-12-31 15:00:00,1.0933333333333333,0.3743126354354333,0.0,0.7190206978978999
3,Rat_public_Julieann,2016-12-31 16:00:00,1.0766666666666669,0.42463884937465224,0.0,0.6520278172920146
3,Rat_public_Julieann,2016-12-31 17:00:00,1.06,0.45525158580960395,0.0,0.604748414190396
3,Rat_public_Julieann,2016-12-31 18:00:00,1.104,0.47201102948481766,0.0,0.6319889705151824
3,Rat_public_Julieann,2016-12-31 19:00:00,1.148,0.4869292033844582,0.0,0.6610707966155417
3,Rat_public_Julieann,2016-12-31 20:00:00,1.1920000000000002,0.4869292033844582,0.0,0.705070796615542
3,Rat_public_Julieann,2016-12-31 21:00:00,1.236,0.6335942536575409,0.0,0.6024057463424591
3,Rat_public_Julieann,2016-12-31 22:00:00,1.28,0.6830976425743976,0.0,0.5969023574256024
3,Rat_public_Julieann,2016-12-31 23:00:00,1.25,0.726419906967858,0.0,0.523580093032142
3,Bear_education_Lewis,2016-12-31 00:00:00,14.47222222222222,13.748322416339864,0.0,0.7238998058823558
3,Bear_education_Lewis,2016-12-31 01:00:00,14.444444444444445,13.740644427317182,0.0,0.7038000171272625
3,Bear_education_Lewis,2016-12-31 02:00:00,14.416666666666666,13.754641439525528,0.0,0.6620252271411378
3,Bear_education_Lewis,2016-12-31 03:00:00,14.38888888888889,13.754641439525528,0.0,0.634247449363361
3,Bear_education_Lewis,2016-12-31 04:00:00,14.36111111111111,13.754641439525528,0.0,0.6064696715855824
3,Bear_education_Lewis,2016-12-31 05:00:00,14.333333333333334,14.318176939037825,0.0,0.015156394295509301
3,Bear_education_Lewis,2016-12-31 06:00:00,14.305555555555555,13.537962058248873,0.0,0.7675934973066827
3,Bear_education_Lewis,2016-12-31 07:00:00,14.27777777777778,13.388910139666121,0.0,0.8888676381116589
3,Bear_education_Lewis,2016-12-31 08:00:00,14.25,13.014136887450988,0.0,1.235863112549012
3,Bear_education_Lewis,2016-12-31 09:00:00,14.0,13.013165129874006,0.0,0.9868348701259944
3,Bear_education_Lewis,2016-12-31 10:00:00,14.75,13.375417182687128,0.0,1.3745828173128718
3,Bear_education_Lewis,2016-12-31 11:00:00,14.5,13.375417182687128,0.0,1.1245828173128718
3,Bear_education_Lewis,2016-12-31 12:00:00,15.0,12.985245470755748,0.0,2.014754529244252
3,Bear_education_Lewis,2016-12-31 13:00:00,15.25,12.03528503113808,0.0,3.2147149688619194
3,Bear_education_Lewis,2016-12-31 14:00:00,15.5,12.038097300725399,0.0,3.461902699274601
3,Bear_education_Lewis,2016-12-31 15:00:00,15.0,12.416490827572982,0.0,2.583509172427018
3,Bear_education_Lewis,2016-12-31 16:00:00,15.75,14.173476782337154,0.0,1.5765232176628459
3,Bear_education_Lewis,2016-12-31 17:00:00,16.75,14.494676615220238,0.0,2.2553233847797625
3,Bear_education_Lewis,2016-12-31 18:00:00,16.416666666666668,13.86963264580497,0.0,2.547034020861698
3,Bear_education_Lewis,2016-12-31 19:00:00,16.083333333333332,14.07871466611812,0.0,2.0046186672152118
3,Bear_education_Lewis,2016-12-31 20:00:00,15.75,15.19241816428005,0.0,0.5575818357199491
3,Bear_education_Lewis,2016-12-31 21:00:00,15.5,15.19241816428005,0.0,0.3075818357199491
3,Bear_education_Lewis,2016-12-31 22:00:00,15.25,15.19241816428005,0.0,0.057581835719949126
3,Bear_education_Lewis,2016-12-31 23:00:00,15.0,13.973781688607577,0.0,1.026218311392423
3,Rat_office_Randy,2016-12-31 00:00:00,62.77,66.05969245454013,0.0,3.2896924545401234
3,Rat_office_Randy,2016-12-31 01:00:00,64.5,66.05201446551744,0.0,1.5520144655174448
3,Rat_office_Randy,2016-12-31 02:00:00,62.93,66.0660114777258,0.0,3.136011477725795
3,Rat_office_Randy,2016-12-31 03:00:00,62.71,66.0660114777258,0.0,3.3560114777257937
3,Rat_office_Randy,2016-12-31 04:00:00,62.42,66.0660114777258,0.0,3.646011477725793
3,Rat_office_Randy,2016-12-31 05:00:00,82.67,80.83718511594265,0.0,1.8328148840573562
3,Rat_office_Randy,2016-12-31 06:00:00,82.42,75.25269095660141,0.0,7.167309043398589
3,Rat_office_Randy,2016-12-31 07:00:00,82.4,75.73994124246495,0.0,6.6600587575350545
3,Rat_office_Randy,2016-12-31 08:00:00,79.67,87.48038625642334,0.0,7.810386256423342
3,Rat_office_Randy,2016-12-31 09:00:00,75.99,88.78220082653095,0.0,12.792200826530959
3,Rat_office_Randy,2016-12-31 10:00:00,75.84,87.66512539712984,0.0,11.825125397129838
3,Rat_office_Randy,2016-12-31 11:00:00,76.8,87.58964120279418,0.0,10.789641202794186
3,Rat_office_Randy,2016-12-31 12:00:00,77.24,89.56887635916155,0.0,12.328876359161555
3,Rat_office_Randy,2016-12-31 13:00:00,77.31,86.4221486245728,0.0,9.112148624572797
3,Rat_office_Randy,2016-12-31 14:00:00,77.98,89.47907123069379,0.0,11.499071230693787
3,Rat_office_Randy,2016-12-31 15:00:00,77.86,86.76835864691944,0.0,8.908358646919439
3,Rat_office_Randy,2016-12-31 16:00:00,77.8,87.96296847380341,0.0,10.162968473803417
3,Rat_office_Randy,2016-12-31 17:00:00,78.42,88.18138638395094,0.0,9.761386383950935
3,Rat_office_Randy,2016-12-31 18:00:00,84.32,88.44733646124114,0.0,4.127336461241143
3,Rat_office_Randy,2016-12-31 19:00:00,83.98,84.70914508222359,0.0,0.7291450822235817
3,Rat_office_Randy,2016-12-31 20:00:00,84.09,82.3070262607313,0.0,1.782973739268698
3,Rat_office_Randy,2016-12-31 21:00:00,65.01,68.40563524125538,0.0,3.395635241255377
3,Rat_office_Randy,2016-12-31 22:00:00,64.04,68.40563524125538,0.0,4.365635241255376
3,Rat_office_Randy,2016-12-31 23:00:00,64.24,68.51256246756984,0.0,4.272562467569841
3,Rat_assembly_Pauline,2016-12-31 00:00:00,1.3066666666666666,0.6661329076169424,0.0,0.6405337590497242
3,Rat_assembly_Pauline,2016-12-31 01:00:00,1.3155555555555556,0.6089515296774028,0.0,0.7066040258781527
3,Rat_assembly_Pauline,2016-12-31 02:00:00,1.3244444444444443,0.6128676932857468,0.0,0.7115767511586976
3,Rat_assembly_Pauline,2016-12-31 03:00:00,1.3333333333333337,0.6128676932857468,0.0,0.720465640047587
3,Rat_assembly_Pauline,2016-12-31 04:00:00,1.3422222222222222,0.6128676932857468,0.0,0.7293545289364755
3,Rat_assembly_Pauline,2016-12-31 05:00:00,1.3511111111111112,0.6482857081893312,0.0,0.70282540292178
3,Rat_assembly_Pauline,2016-12-31 06:00:00,1.36,0.5826620208696603,0.0,0.7773379791303398
3,Rat_assembly_Pauline,2016-12-31 07:00:00,1.2,0.5826620208696603,0.0,0.6173379791303396
3,Rat_assembly_Pauline,2016-12-31 08:00:00,0.88,0.3783293994417275,0.0,0.5016706005582725
3,Rat_assembly_Pauline,2016-12-31 09:00:00,0.76,0.3773576418647443,0.0,0.3826423581352557
3,Rat_assembly_Pauline,2016-12-31 10:00:00,0.72,0.3409396198054209,0.0,0.37906038019457905
3,Rat_assembly_Pauline,2016-12-31 11:00:00,0.68,0.3409396198054209,0.0,0.3390603801945791
3,Rat_assembly_Pauline,2016-12-31 12:00:00,0.72,0.37351066043378484,0.0,0.34648933956621514
3,Rat_assembly_Pauline,2016-12-31 13:00:00,0.7733333333333333,0.36482472324020354,0.0,0.4085086100931298
3,Rat_assembly_Pauline,2016-12-31 14:00:00,0.8266666666666667,0.3633864957181905,0.0,0.4632801709484762
3,Rat_assembly_Pauline,2016-12-31 15:00:00,0.88,0.3633864957181905,0.0,0.5166135042818095
3,Rat_assembly_Pauline,2016-12-31 16:00:00,0.0,0.4137127096574094,0.0,0.4137127096574094
3,Rat_assembly_Pauline,2016-12-31 17:00:00,1.12,0.4443254460923611,0.0,0.675674553907639
3,Rat_assembly_Pauline,2016-12-31 18:00:00,1.16,0.5738038702958408,0.0,0.5861961297041591
3,Rat_assembly_Pauline,2016-12-31 19:00:00,1.2,0.5887220441954818,0.0,0.6112779558045182
3,Rat_assembly_Pauline,2016-12-31 20:00:00,1.32,0.6721715028571548,0.0,0.6478284971428453
3,Rat_assembly_Pauline,2016-12-31 21:00:00,1.36,0.6721715028571548,0.0,0.6878284971428453
3,Rat_assembly_Pauline,2016-12-31 22:00:00,1.342857142857143,0.6721715028571548,0.0,0.6706856399999882
3,Rat_assembly_Pauline,2016-12-31 23:00:00,1.3257142857142858,0.6923420039432219,0.0,0.633372281771064
3,Rat_office_Craig,2016-12-31 00:00:00,198.86,199.8167217819743,0.0,0.956721781974295
3,Rat_office_Craig,2016-12-31 01:00:00,199.74,199.80904379295163,0.0,0.06904379295161789
3,Rat_office_Craig,2016-12-31 02:00:00,199.87,199.65623731130745,0.0,0.21376268869255455
3,Rat_office_Craig,2016-12-31 03:00:00,199.19,200.6583647123037,0.0,1.4683647123036963
3,Rat_office_Craig,2016-12-31 04:00:00,197.59,198.8414505790924,0.0,1.251450579092392
3,Rat_office_Craig,2016-12-31 05:00:00,199.29,198.21895604478058,0.0,1.0710439552194089
3,Rat_office_Craig,2016-12-31 06:00:00,197.82,198.62195505848956,0.0,0.8019550584895683
3,Rat_office_Craig,2016-12-31 07:00:00,196.68,193.45171276381902,0.0,3.2282872361809893
3,Rat_office_Craig,2016-12-31 08:00:00,174.62,179.24117539475492,0.0,4.621175394754914
3,Rat_office_Craig,2016-12-31 09:00:00,176.59,173.1854484419797,0.0,3.4045515580203016
3,Rat_office_Craig,2016-12-31 10:00:00,176.18,178.04028251667174,0.0,1.860282516671731
3,Rat_office_Craig,2016-12-31 11:00:00,177.11,176.9950769288458,0.0,0.11492307115420886
3,Rat_office_Craig,2016-12-31 12:00:00,180.14,183.49766118592188,0.0,3.3576611859218986
3,Rat_office_Craig,2016-12-31 13:00:00,179.78,176.526236648188,0.0,3.2537633518120117
3,Rat_office_Craig,2016-12-31 14:00:00,180.07,177.16737861065982,0.0,2.902621389340169
3,Rat_office_Craig,2016-12-31 15:00:00,181.65,178.81267125616074,0.0,2.837328743839265
3,Rat_office_Craig,2016-12-31 16:00:00,183.34,179.2653978425336,0.0,4.0746021574664155
3,Rat_office_Craig,2016-12-31 17:00:00,181.68,181.03380157087392,0.0,0.6461984291260876
3,Rat_office_Craig,2016-12-31 18:00:00,200.85,197.54408428506537,0.0,3.3059157149346277
3,Rat_office_Craig,2016-12-31 19:00:00,208.88,202.5020189780468,0.0,6.37798102195319
3,Rat_office_Craig,2016-12-31 20:00:00,207.51,202.90739327509792,0.0,4.602606724902074
3,Rat_office_Craig,2016-12-31 21:00:00,206.45,203.18323112667755,0.0,3.266768873322434
3,Rat_office_Craig,2016-12-31 22:00:00,205.35,200.6556361237038,0.0,4.694363876296194
3,Rat_office_Craig,2016-12-31 23:00:00,204.96,199.4672006200348,0.0,5.49279937996522
